04 Jan 22 - 09:14,"25 Perusahaan Tambang di Kaltim Boleh Ekspor Batu Bara, Kok Bisa?",66760,publish,Yes,Energi & Tambang,-
16 Dec 20 - 07:40,"Dibuka, Klinik 24 Jam PCR Deteksi Virus Corona di Kota Balikpapan",57362,publish,Yes,Kabar Kalimantan,Headline
10 May 21 - 01:29,Pertamina RU Balikpapan Pastikan Kilang Tetap Beroperasi Saat Lebaran,41018,publish,Yes,Kabar Kalimantan,Editor's Choice
04 Aug 21 - 10:31,"Kaltim Kewalahan Hadapi Covid-19, Ini Curhat Gubernur",40184,publish,Yes,Kabar Kalimantan,Headline
16 Feb 21 - 00:48,Jokowi Resmi Lantik Gubernur dan Wakil Gubernur Terpilih Kaltara 2021-2024,37982,publish,Yes,Kabar Kalimantan,Editor's Choice
24 Aug 21 - 02:14,KEK MBTK Masuk Daftar Proyek Prioritas Strategis Kementerian Investasi,37283,publish,Yes,Bisnis Kalimantan,Editor's Choice
08 Sep 22 - 07:00,Ledakan Harga Batu Bara dan Berkah untuk Kaltim,36900,publish,Yes,Bisnis Kalimantan,Headline
22 Jan 21 - 11:49,"Wow, Kaltim Dapat Kompensasi US$110 Juta dari Bank Dunia",30365,publish,Yes,Kabar Kalimantan,Editor's Choice
31 Aug 21 - 02:33,"Berlaku 8 September, Ini Daftar Tarif Tol Balsam Seksi 1 dan 5",29891,publish,Yes,Kabar Kalimantan,-
20 Jan 21 - 07:10,11 Kabupaten dan Kota Terdampak Banjir di Kalimantan Selatan,29567,publish,Yes,Kabar Kalimantan,Headline
14 Feb 23 - 11:21,Potensi Kerugian Negara Rp67 Miliar di Kaltim Berhasil Diamankan,26255,publish,Yes,Kabar Kalimantan,-
21 Nov 22 - 09:07,Kisah Pengusaha Asal Balikpapan Raup Cuan dari Kedelai,25420,publish,Yes,Bisnis Kalimantan,-
14 Apr 21 - 04:01,Kaltim Hingga Saat ini Miliki 94 Pabrik Kelapa Sawit,25079,publish,Yes,Bisnis Kalimantan,-
16 Apr 21 - 01:10,Baca! Ini Ketentuan Khusus Bagi Orang Masuk Kalteng,22866,publish,Yes,Kabar Kalimantan,-
07 Dec 22 - 04:24,"UMK Balikpapan 2023 Rp3,3 Juta, Ini Ketentuan Buat Pengusaha",21107,publish,Yes,Kabar Kalimantan,Headline
14 Dec 22 - 03:41,"Wali Kota Balikpapan Gelar Nobar Final Piala Dunia 2022, Terbuka untuk Umum",20590,publish,Yes,Kabar Kalimantan,-
28 Apr 22 - 04:04,"Harga TBS Sawit di Kaltim Naik Periode April 2022, Kok Bisa?",20018,publish,Yes,Jasa & Niaga,-
14 May 23 - 09:30,"Pertamina Minta Maaf ke Masyarakat Balikpapan, Ini Pemicunya",19833,publish,Yes,Kabar Kalimantan,-
11 Jan 22 - 04:55,"Ada Industri Smelter Nikel di Kaltim, Bakal Jadi Pertumbuhan Ekonomi Baru ?",18464,publish,Yes,Kabar Kalimantan,-
08 Jan 21 - 06:34,"BLT UMKM 2021: Ayo Daftar, Tersedia 600 Kuota Pemprov Kaltara untuk Rp2,5 Juta",18460,publish,Yes,Kabar Kalimantan,-
07 Jan 21 - 06:37,Relaksasi Pajak Kendaraan Diperpanjang Hingga 31 Maret 2021,18264,publish,Yes,Kabar Kalimantan,-
18 Nov 21 - 08:30,"Pemprov Kaltim Sahkan UMP 2022, Segini Besarannya",18246,publish,Yes,Kabar Kalimantan,Headline
06 Dec 22 - 05:11,"Ambisi Baru Pemkot Balikpapan, Ini Tawarannya",17789,publish,Yes,Kabar Kalimantan,-
09 Apr 21 - 04:22,"Tarif GeNose di Bandara Samarinda Rp50.000, Pendaftaran Bisa Lewat Daring",16956,publish,Yes,Kabar Kalimantan,-
09 Dec 20 - 05:00,"Gubernur dan Wagub Kaltim Gunakan Hak Pilih, Zairin-Sarwono Unggul",16327,publish,Yes,Nasional,-
02 Dec 21 - 08:53,"UMK Kalteng 2022, Kabupaten Seruyan Tertinggi",16064,publish,Yes,Kabar Kalimantan,-
19 Jan 23 - 05:27,"Hutan 195.727,15 Ha di Kalteng Bakal Diubah Statusnya",15537,publish,Yes,Kabar Kalimantan,Headline
05 Jan 21 - 09:32,Potensi Menggiurkan Budi Daya Porang di Kaltim,15278,publish,Yes,Bisnis Kalimantan,-
24 Sep 21 - 02:46,"Mulai 1 Oktober, Pemkot Balikpapan Gratiskan Iuran BPJS Kesehatan Kelas 3",15173,publish,Yes,Kabar Kalimantan,Headline
25 Apr 22 - 05:24,"Harga TBS Anjlok, Ini Kata Petani Sawit di Kabupaten Paser Kaltim",14970,publish,Yes,Kabar Kalimantan,Headline
23 Mar 21 - 06:56,"Pemungutan Suara Ulang Pemilihan Gubernur, Begini Sikap Pemprov Kalsel",14651,publish,Yes,Kabar Kalimantan,Headline
07 Sep 22 - 09:13,"Vaksinasi Covid-19 dan Imunisasi di Balikpapan, Berikut Jadwal dan Lokasinya",14633,publish,Yes,Kabar Kalimantan,-
04 Nov 20 - 07:06,Bank Kaltimtara dan Gojek Permudah Warga Kaltim Bayar PBB,14555,publish,Yes,Bisnis Kalimantan,-
31 Dec 20 - 01:24,"Ekspor Industri Kayu di Kaltim Catatkan Transaksi US$69,1 Juta hingga November",14420,publish,Yes,Bisnis Kalimantan,Headline
02 May 23 - 01:55,Pemkot Balikpapan Tunda Pengerjaan Proyek Pipa Gas Senipah-Balikpapan,14361,publish,Yes,Bisnis Kalimantan,-
25 Jan 21 - 09:47,Pemprov Kalsel Siapkan Kajian Mendalam Dalam Mencegah Banjir Mendatang,14339,publish,Yes,Kabar Kalimantan,-
27 Feb 23 - 05:42,Pusat Perbelanjaan Kaltim Berbenah Sambut IKN,14283,publish,Yes,Bisnis Kalimantan,Headline
26 Jan 21 - 08:32,"Penduduk Balikpapan 688.318 Jiwa, 9,04 Persen Tidak Sesuai KK/KTP",14228,publish,Yes,Kabar Kalimantan,-
29 Nov 22 - 03:00,"Wali Kota Balikpapan Sidak Proyek Pemkot, Kenapa?",14106,publish,Yes,Kabar Kalimantan,-
13 Mar 23 - 09:31,"Kebun Sawit di Kaltim 1,39 Juta Hektare, Bisa Diperluas 905.544 Ha Lagi",14101,publish,Yes,Bisnis Kalimantan,Headline
04 May 23 - 04:52,"Ihwal Pipa Gas Senipah Berlanjut, Pemkot Balikpapan Ultimatum Anak Pertamina",13785,publish,Yes,Bisnis Kalimantan,-
01 Nov 22 - 03:02,Cek! Lokasi dan Jadwal Vaksinasi Covid-19 di Balikpapan Hari Ini,13655,publish,Yes,Kabar Kalimantan,-
20 Mar 23 - 06:10,"Peluang Bisnis Baru, Transkon Jaya Berencana Jajal Penyewaan Kendaraan 4x2",13452,publish,Yes,Bisnis Kalimantan,Headline
19 Mar 23 - 03:15,Taman Bumi Gunung Batu Benau akan Jadi Destinasi Geopark Baru di Kaltara,13383,publish,Yes,Kabar Kalimantan,-
31 Mar 23 - 05:11,"Kaltim Hentikan Sementara Pengiriman Sapi dari Pulau Jawa, Kenapa?",13182,publish,Yes,Bisnis Kalimantan,Headline
09 Feb 21 - 03:43,"Pertumbuhan Ekonomi Kota Balikpapan Tertekan, Begini Kondisinya",12858,publish,Yes,Bisnis Kalimantan,-
21 Nov 22 - 10:10,"Balikpapan Akan Hilangkan TPS Pinggir Jalan, Sampah Wajib Dipilah?",12688,publish,Yes,Kabar Kalimantan,-
02 Jan 23 - 02:27,Kota Balikpapan dan Samarinda Memoles Diri Demi IKN,12663,publish,Yes,Kabar Kalimantan,-
08 Dec 22 - 04:28,Surya Biru (SBMA) Datangkan ASP dari Tiongkok ke Balikpapan,12606,publish,Yes,Bisnis Kalimantan,-
26 Mar 21 - 10:46,Komoditas Ekspor UKM Kaltim Dilepas ke 10 Negara Tujuan,12601,publish,Yes,Bisnis Kalimantan,Headline
26 Apr 22 - 09:42,Cek! Jadwal dan Lokasi SPBU untuk Registrasi Fuel Card 2.0 di Balikpapan,12483,publish,Yes,Bisnis Kalimantan,-
09 Apr 21 - 03:17,Layanan GeNose Debut Perdana di Bandara APT Pranoto Samarinda,12339,publish,Yes,Kabar Kalimantan,-
19 Apr 23 - 11:29,"Lokasi Sholat Ied 2023 di Balikpapan, Jumat (21/4/2023) Mendatang",12253,publish,Yes,Kabar Kalimantan,-
25 Jan 23 - 07:57,"Jadwal dan Lokasi Vaksinasi Booster di Balikpapan Hari Ini, 25 Januari 2023",12128,publish,Yes,Kabar Kalimantan,-
25 Jan 23 - 08:14,Berikut Daftar Vaksin Booster Dosis Kedua yang Digunakan di Balikpapan,11978,publish,Yes,Kabar Kalimantan,Headline
03 Apr 23 - 12:25,Pasar Murah Inflasi Digelar Hari Ini Sampai 7 April di Balikpapan,11968,publish,Yes,Bisnis Kalimantan,-
16 Apr 21 - 02:07,Pemprov Kaltim Tidak Larang Warga Mudik Dalam Daerah,11929,publish,Yes,Kabar Kalimantan,-
16 Jan 23 - 05:22,"Mulai Rokok Filter hingga Perumahan, Berikut Deretan Penentu Garis Kemiskinan di Kaltim",11908,publish,Yes,Bisnis Kalimantan,-
28 Nov 22 - 02:55,"UMP Kaltim 2023 Naik 6,2 Persen, Jadi Rp3,2 Juta",11895,publish,Yes,Kabar Kalimantan,Headline
02 Feb 23 - 09:21,Pemindahan IKN Berdampak ke Infrastruktur di Benua Etam,11853,publish,Yes,Kabar Kalimantan,Headline
05 Apr 21 - 11:06,"Kawasan IKN di Kaltim Tengah Dipersiapkan, Begini Kondisinya",11723,publish,Yes,Kabar Kalimantan,-
16 Jan 21 - 06:29,CGV Plaza Balikpapan Tutup Selama PPKM,11524,publish,Yes,Kabar Kalimantan,-
12 Apr 23 - 04:29,Satu Perusahaan di Balikpapan Sudah Melapor tak Bisa Bayar THR,11425,publish,Yes,Bisnis Kalimantan,-
16 Dec 20 - 08:17,11 Orang Dalam Satu Keluarga Positif Covid-19 di Balikpapan,11381,publish,Yes,Kabar Kalimantan,Headline
29 Mar 22 - 09:48,Cek! Jadwal dan Lokasi Vaksinasi Booster di Kota Balikpapan,11345,publish,Yes,Nasional,-
26 Mar 21 - 06:29,"Mulai 1 April, Bandara APT Pranoto Samarinda Gunakan GeNose",11288,publish,Yes,Kabar Kalimantan,-
02 Feb 23 - 02:36,Puluhan Ribu Peserta BPJS Kesehatan di Balikpapan Menunggak Iuran,11062,publish,Yes,Kabar Kalimantan,-
20 Sep 21 - 01:35,"KKP Kelas II Balikpapan Sediakan Vaksin untuk Warga, Ini Syaratnya",10941,publish,Yes,Kabar Kalimantan,-
07 Sep 22 - 02:40,Penataan Simpang Muara Rapak Kota Balikpapan Temui Titik Terang,10923,publish,Yes,Kabar Kalimantan,Headline
09 Dec 22 - 02:16,Pembangunan Infrastruktur IKN Dorong Penjualan Semen di Kaltim,10881,publish,Yes,Bisnis Kalimantan,-
24 Feb 23 - 09:45,"Pemerintah Bakal Boyong 16.990 ASN, TNI-Polri ke IKN Tahun 2024",10872,publish,Yes,Kabar Kalimantan,-
16 Feb 23 - 07:08,"Warga Balikpapan Banyak Pilih Kerja di Industri Migas, Ini Kata Disnaker",10867,publish,Yes,Kabar Kalimantan,-
29 Jun 22 - 01:28,"Kembangkan Kawasan Industri Kariangau, Perumda Balikpapan Gandeng Perusahaan Pelat Merah",10865,publish,Yes,Bisnis Kalimantan,-
07 Apr 21 - 07:22,"Rusia Tertarik Investasi Energi di Kalbar, Mulai dari Listrik hingga Nuklir",10840,publish,Yes,Ekonomi,-
19 May 22 - 08:38,"Lokasi Vaksinasi Covid-19 di Balikpapan, 19 Mei 2022",10809,publish,Yes,Kabar Kalimantan,-
01 Jul 22 - 05:28,"Ekspor Batu Bara Kaltim Loyo Sepanjang Mei 2022, Hasil Pertanian Ngegas Hingga 261 Persen",10786,publish,Yes,Bisnis Kalimantan,-
19 Feb 21 - 08:06,"Menjadi Bandara Pengumpul, Bandara APT Pranoto Tinjau Ulang Masterplan",10763,publish,Yes,Bisnis Kalimantan,-
14 Mar 23 - 05:47,"Ekspor Pisang Kaltim, Bikin Petani Happy Hingga Alternatif Bagi Kelapa Sawit",10747,publish,Yes,Bisnis Kalimantan,-
06 Dec 22 - 12:34,Bank Indonesia Tawarkan Kaltim Obat Anti Ketergantungan Batu Bara,10732,publish,Yes,Kabar Kalimantan,Headline
18 Apr 23 - 05:12,SPKLU Pertama di Kaltara Segera Hadir,10691,publish,Yes,Bisnis Kalimantan,-
04 Jul 22 - 02:10,Pemprov Kaltim Optimistis Pertumbuhan Ekonomi Capai 3 Persen Akhir Tahun Ini,10691,publish,Yes,Bisnis Kalimantan,Headline
25 Mar 22 - 10:19,Jadwal dan Lokasi Vaksinasi di Balikpapan Hari ini,10685,publish,Yes,Kabar Kalimantan,-
17 Apr 23 - 02:35,Dana Pihak Ketiga di Kaltim Tertinggi dalam 4 Tahun Terakhir,10680,publish,Yes,Bisnis Kalimantan,Headline
24 Nov 20 - 10:44,Sah! Balikpapan Izinkan Sekolah Tatap Muka Mulai 12 Januari 2021,10633,publish,Yes,Kabar Kalimantan,-
27 Jun 22 - 01:25,"Kacau! Harga TBS Anjlok, Petani Swadaya Diklaim Hanya Terima Rp300 Per Kilogram",10605,publish,Yes,Bisnis Kalimantan,Headline
13 May 22 - 08:17,"Dana CSR Jadi Sorotan, PT Bayan Resources Tbk. Klarifikasi Pernyataan Wagub Kaltim",10591,publish,Yes,Bisnis Kalimantan,-
26 Oct 22 - 03:25,"Realisasi Investasi Kaltara Rp3,36 Triliun Semester I/2022, Pertambangan Mendominasi",10526,publish,Yes,Bisnis Kalimantan,Headline
21 Dec 20 - 10:56,Waspada! Klaster Baru Penularan Covid 19 Bermunculan di Balikpapan,10521,publish,Yes,Kabar Kalimantan,-
06 Sep 22 - 03:34,"Batu Bara dan Ekonomi Kaltim, Begini Potret Satu Dekade Terakhir",10517,publish,Yes,Bisnis Kalimantan,Headline
26 Jan 21 - 03:00,Balikpapan Manfaatkan Sampah Untuk Sumber Energi Terbarukan,10442,publish,Yes,Kabar Kalimantan,-
13 Dec 22 - 02:40,Catat! Vaksin Indovac Sudah Beredar di Balikpapan Mulai Hari Ini,10414,publish,Yes,Kabar Kalimantan,Headline
18 Aug 21 - 07:42,Pemprov Kalteng Putuskan Tidak Memperpanjang PPKM Level 4,10413,publish,Yes,Kabar Kalimantan,Headline
30 Jun 22 - 08:20,"Transkon Jaya TRJA Gelar RUPS Hari Ini, Simak Agendanya",10362,publish,Yes,Bisnis Kalimantan,-
12 Jan 21 - 09:16,Pemkot Balikpapan Gandeng Swasta Garap Kawasan Industri Kariangau,10348,publish,Yes,Kabar Kalimantan,Headline
01 Jul 22 - 05:14,Mei 2022: Nilai Ekspor Impor Kaltim Kompak Turun,10342,publish,Yes,Bisnis Kalimantan,-
25 Oct 22 - 01:35,Presiden Serahkan Langsung BLT BBM di Kota Balikpapan,10338,publish,Yes,Kabar Kalimantan,Headline
24 Jan 21 - 08:41,Balikpapan Bakal Gelar Tes Antigen bagi Pelaku Perjalanan Darat Besok,10335,publish,Yes,Kabar Kalimantan,-
17 May 22 - 08:40,Apical Group Sumatera dan Kalimantan Minta Ekspor CPO Segera Dibuka,10330,publish,Yes,Bisnis Kalimantan,-
26 May 22 - 11:13,"Kawasan Industri Tanah Kuning-Mangkupadi di Kaltara, Begini Tantangannya",10327,publish,Yes,Kabar Kalimantan,-
24 Jun 22 - 08:41,Pembebasan Lahan Jalan Pendekat Pulau Balang Sisi Kota Balikpapan Dilakukan Bertahap,10300,publish,Yes,Bisnis Kalimantan,-
31 Oct 22 - 05:15,Tiga Desa Kaltim Ditarget Masuk 50 Besar Desa Wisata Terbaik,10276,publish,Yes,Kabar Kalimantan,-
06 Dec 22 - 01:10,"Dana Rp22,9 triliun APBN untuk Kaltim Bakal Dukung Pembangunan Infrastruktur IKN",10270,publish,Yes,Kabar Kalimantan,-
19 Apr 23 - 06:32,"Vaksin Booster di Balikpapan Tersedia Kembali, Ini Lokasi Vaksinasi",10259,publish,Yes,Kabar Kalimantan,-
24 Jun 21 - 08:05,"Catat! Pemkot Samarinda Siap Vaksinasi 3.300 Warga, Tersebar di 3 Tempat",10220,publish,Yes,Kabar Kalimantan,-
11 Jul 22 - 08:30,Jadwal dan Lokasi Vaksin Booster di Kota Balikpapan 11-15 Juli 2022,10167,publish,Yes,Kabar Kalimantan,-
30 Jan 23 - 04:39,"Pengguna Uang Elektronik Asal Kaltim Sebanyak 4,90 Juta Orang",10147,publish,Yes,Kabar Kalimantan,Headline
20 Apr 23 - 08:58,"Cuaca Mendung, Ketinggian Hilal Hanya 1,5 Derajat di Balikpapan",10134,publish,Yes,Kabar Kalimantan,-
20 Apr 23 - 06:22,Jalur Balikpapan Samarinda Terpantau Lengang Hari Ini,10133,publish,Yes,Kabar Kalimantan,-
28 Jun 22 - 09:40,Pemprov Kaltim: Masa Depan Ekonomi Ada di Sektor Perkebunan Berkelanjutan,10133,publish,Yes,Bisnis Kalimantan,-
20 Apr 23 - 04:18,Penjualan Ponsel di Samarinda Naik 50 Persen,10127,publish,Yes,Kabar Kalimantan,-
02 Dec 20 - 07:39,"Gubernur Kaltim Larang Perayaan Tahun Baru 2021, Ini Surat Edarannya",10125,publish,Yes,Kabar Kalimantan,-
21 Apr 23 - 02:05,Ramalan Cuaca Lebaran: Kaltim Berpotensi Diguyur Hujan,10104,publish,Yes,Kabar Kalimantan,-
15 Feb 23 - 02:51,"Bangunan Pasar Pagi Samarinda Bakal Diratakan Pemkot, Kenapa?",10103,publish,Yes,Kabar Kalimantan,-
28 Feb 23 - 01:11,Proyek Pipa Gas Senipah-Balikpapan Disoal Dewan,10085,publish,Yes,Kabar Kalimantan,-
19 Apr 23 - 09:58,"Pembiayaan Syariah di Kaltim, Begini Porsi Terbesarnya",10082,publish,Yes,Kabar Kalimantan,-
14 Dec 22 - 06:23,"Penerbangan Domestik ke Kaltim Melonjak, Dorong Konsumsi Rumah Tangga",10075,publish,Yes,Bisnis Kalimantan,-
22 Jan 21 - 08:07,"Potensi Besar, Penerimaan Pajak Sarang Burung Walet di Kaltim Hanya Rp864,7 Juta",10002,publish,Yes,Pajak,-
15 Feb 23 - 05:54,Beasiswa bagi Warga Kalimantan Timur Tersedia Rp300 Miliar pada 2023,10000,publish,Yes,Kabar Kalimantan,-
21 Apr 23 - 02:29,"ASN Dilarang Terima Gratifikasi Saat Hari Raya, Ini Saran Gubernur Kaltim",9996,publish,Yes,Kabar Kalimantan,-
05 Mar 23 - 09:28,Triliunan Rupiah untuk Bangun Gedung Perkantoran di Kaltim,9990,publish,Yes,Kabar Kalimantan,-
21 Apr 23 - 06:39,Puncak Arus Mudik 2023 di Bandara SAMS Sepinggan Melampaui Perkiraan,9984,publish,Yes,Bisnis Kalimantan,-
30 Jun 22 - 07:03,Hasil RUPS Transkon Jaya (TRJA): Bagi Dividen Rp6 Miliar Hingga Penunjukan Direktur Pemasaran,9968,publish,Yes,Bisnis Kalimantan,-
07 Feb 23 - 06:45,Balikpapan Tatap IKN Sebagai Pengungkit Potensi Peningkatan PAD,9898,publish,Yes,Kabar Kalimantan,-
21 Apr 23 - 07:03,"Gubernur Kaltara Sidak Pasar Induk H-1 Lebaran, Begini Temuannya",9856,publish,Yes,Bisnis Kalimantan,-
10 Nov 22 - 05:23,Terbaru! Tiga Proyek Kaltim Bakal Ditawarkan ke Investor Lokal dan Mancanegara,9852,publish,Yes,Bisnis Kalimantan,-
17 May 22 - 12:07,"Cek! Lokasi Vaksinasi di Kota Balikpapan Hari Ini, 17 Mei 2022",9848,publish,Yes,Kabar Kalimantan,-
10 Mar 23 - 04:03,"Jalan Negara di Kutai Barat Rusak, Ini Dampaknya",9820,publish,Yes,Kabar Kalimantan,-
09 Feb 21 - 09:25,Akhirnya! Kaltara Buka Lagi Perdagangan Lintas Batas dengan Malaysia,9811,publish,Yes,Kabar Kalimantan,-
21 Jun 22 - 09:00,Ini Ramalan BI Soal Batu Bara di Kalimantan Timur 2022,9808,publish,Yes,Bisnis Kalimantan,-
04 Mar 23 - 02:41,Pasokan Bahan Pokok di Kaltim Dipastikan Aman Saat Ramadan,9799,publish,Yes,Kabar Kalimantan,-
30 Dec 20 - 08:39,Kasus Positif Covid 19 Balikpapan Melonjak Jelang Akhir Tahun,9791,publish,Yes,Kabar Kalimantan,Headline
11 Jan 23 - 06:30,Kondisi Ekonomi Kalimantan Terkini dan Tantangannya,9790,publish,Yes,Kabar Kalimantan,Headline
12 Jan 21 - 08:37,Vaksinasi Covid-19 di Balikpapan Ditunda Hingga Februari 2021,9776,publish,Yes,Kabar Kalimantan,-
22 Apr 23 - 12:27,Masjid Islamic Center Samarinda Salurkan ZIS Total Rp719 Juta Selama Ramadan 2023,9718,publish,Yes,Kabar Kalimantan,-
26 Feb 23 - 12:33,IKN Jadi Magnet Baru Pengunjung Mal di Kalimantan Timir,9699,publish,Yes,Kabar Kalimantan,-
29 Jun 22 - 04:58,"KPPU: Harga Migor Curah Turun, Migor Kemasan Tetap Minggu Ini",9682,publish,Yes,Bisnis Kalimantan,-
29 Jun 22 - 01:40,"Sudah 4 Minggu Harga Ayam Potong, Cabai Rawit dan Bawang Merah di Balikpapan Mahal",9675,publish,Yes,Bisnis Kalimantan,-
02 Mar 23 - 08:12,Ketahanan Pangan Kota Balikpapan Teratas Nasional,9673,publish,Yes,Bisnis Kalimantan,-
20 Oct 22 - 04:38,Pemkot Balikpapan Imbau Warga Lakukan Langkah Ini Bila Anak Demam,9660,publish,Yes,Kabar Kalimantan,-
04 Apr 22 - 10:38,Simak! Jadwal dan Lokasi Vaksinasi di Balikpapan Selama Puasa,9608,publish,Yes,Kabar Kalimantan,-
07 Feb 23 - 03:02,"Arah Pembangunan Kota Balikpapan, Ini Penjelasan Kepala Daerah",9592,publish,Yes,Kabar Kalimantan,-
28 Jun 22 - 08:35,"Digitalisasi Subsidi Bakal Lewati Jalan Berliku di Kaltim, Ini Usul Pengamat Ekonomi",9578,publish,Yes,Bisnis Kalimantan,-
14 Feb 23 - 06:09,UMKM Digital Kaltim Tumbuh 10 Persen Tiap Tahun,9552,publish,Yes,Kabar Kalimantan,-
07 Feb 23 - 02:17,"Khusus Kalimantan, Pertamina Bayar Pajak Kendaraan Rp5,91 Triliun pada 2022",9541,publish,Yes,Bisnis Kalimantan,-
07 Feb 23 - 01:36,"Cegah Praktik Monopoli, KPPU Kanwil V Minta Dukungan Pemprov Kalbar",9540,publish,Yes,Bisnis Kalimantan,-
15 Mar 23 - 09:19,Dinas PU Balikpapan: Jalan MT Haryono Dibuka Sebelum Ramadan,9524,publish,Yes,Kabar Kalimantan,-
17 Feb 23 - 03:32,"Pelanggan Indosat (ISAT) Tembus 102 Juta, Wilayah Kalisumapa Sumbang Kenaikan 56 Persen",9521,publish,Yes,Bisnis Kalimantan,-
02 Mar 23 - 05:49,Inflasi Tahunan Balikpapan Lewati Level Provinsi dan Nasional,9515,publish,Yes,Bisnis Kalimantan,-
07 Feb 23 - 12:15,Capaian Rumah Layak Huni di Balikpapan Lampaui Target Renstra 2022,9515,publish,Yes,Bisnis Kalimantan,-
08 Dec 22 - 05:05,Daya Pikat Investasi Kaltim Sebagai Pintu Gerbang IKN,9489,publish,Yes,Bisnis Kalimantan,-
09 May 22 - 02:45,"Berkah Lebaran, Thrift Store di Kota Samarinda Cuan Hingga Jutaan Rupiah",9484,publish,Yes,Bisnis Kalimantan,-
18 Jan 21 - 09:00,"Tingkat Kemiskinan Balikpapan Naik Saat Pandemi Covid-19, Ini Kata BPS",9473,publish,Yes,Kabar Kalimantan,-
27 Jun 22 - 08:48,Disbun Paser Siapkan Strategi Jangka Pendek Atasi Jatuhnya Harga TBS Petani Swadaya,9443,publish,Yes,Bisnis Kalimantan,-
30 Mar 22 - 02:20,"Jadi Sekda Kaltim Termuda, Berikut Profil Sri Wahyuni",9443,publish,Yes,Kabar Kalimantan,-
23 Feb 23 - 05:24,"Persaingan Usaha Pariwisata di Kaltim, Begini Kondisinya",9434,publish,Yes,Kabar Kalimantan,-
07 Feb 23 - 10:04,Tren Positif Kinerja Ekonomi Kaltim Diprediksi Berlanjut di Awal 2023,9431,publish,Yes,Kabar Kalimantan,-
19 Oct 22 - 08:20,Waduh! Ekspor Batu Bara Kaltim Tersandung Produksi Batu Bara Tiongkok,9415,publish,Yes,Bisnis Kalimantan,-
26 Feb 23 - 03:53,"Akhir Februari 2023, Harga Bapok Kaltim Cenderung Naik",9405,publish,Yes,Bisnis Kalimantan,-
05 Mar 23 - 09:04,Balikpapan Kekurangan Guru,9401,publish,Yes,Kabar Kalimantan,-
14 Apr 23 - 01:07,Ada 2 Investor Baru Segera Menempati KEK MBTK di Kalimantan Timur,9397,publish,Yes,Bisnis Kalimantan,-
03 Mar 23 - 08:53,"Produksi Padi di Kaltim Turun 2,15 Persen pada 2022",9370,publish,Yes,Bisnis Kalimantan,-
25 Apr 23 - 10:15,Rekomendasi Destinasi Wisata Balikpapan untuk Libur Lebaran,9334,publish,Yes,Kabar Kalimantan,-
07 Mar 23 - 03:54,Balikpapan Perkuat Peran sebagai Penyangga IKN Nusantara,9330,publish,Yes,Bisnis Kalimantan,-
02 Feb 23 - 09:04,"Hunian Hotel Kaltim 67,52 Persen, Naik 4,9 Poin dari Tahun Lalu",9324,publish,Yes,Kabar Kalimantan,-
18 Oct 22 - 06:26,KPPU Selidiki Isu Pelanggaran Persaingan Usaha di Pelabuhan Samarinda,9323,publish,Yes,Kabar Kalimantan,-
28 Feb 23 - 12:55,Pemilik KTP Digital di Balikpapan Capai 2.392 Orang,9323,publish,Yes,Kabar Kalimantan,-
09 May 23 - 04:50,Simak! Tiga Proyek Infrastruktur Jalan di Balikpapan Siap Dikerjakan Tahun Ini,9323,publish,Yes,Bisnis Kalimantan,-
28 Sep 22 - 03:43,"Ekspor Berkelanjutan Kaltim, Ada Potensi Nanas hingga Kelengkeng",9310,publish,Yes,Kabar Kalimantan,-
12 May 22 - 07:08,Pemkot Balikpapan Targetkan 70 Persen Vaksinasi Booster Akhir Juli 2022,9279,publish,Yes,Kabar Kalimantan,-
17 Feb 23 - 02:28,Beras dan Cabai Picu Kenaikan Harga Bahan Pokok Kaltim Pekan Ini,9278,publish,Yes,Bisnis Kalimantan,-
27 Jun 22 - 09:35,"Harga TBS Petani Bermitra di Kabupaten Paser Ikut Anjlok, Begini Penjelasan Disbunnak",9269,publish,Yes,Bisnis Kalimantan,-
17 Feb 23 - 02:52,Top! Persaingan Usaha Kaltim Teratas di Tingkat Nasional,9269,publish,Yes,Bisnis Kalimantan,-
09 Apr 21 - 05:13,PLTB Jadi Daya Tarik Investasi Energi Terbarukan di Kalsel,9268,publish,Yes,Bisnis Kalimantan,-
06 Jul 22 - 07:31,"Simak Syarat, Jadwal, dan Lokasi Vaksin Covid-19 Booster Hari Ini di Balikpapan",9256,publish,Yes,Kabar Kalimantan,-
12 Dec 22 - 03:50,"Jadi Eksportir Baru, 8 UMKM Asal Kaltim Tembus Pasar Luar Negeri",9255,publish,Yes,Bisnis Kalimantan,-
16 Feb 23 - 03:05,Siasat Kaltim Atasi Ketergantungan Pasokan Bahan Pokok dari Luar Daerah,9252,publish,Yes,Bisnis Kalimantan,-
13 Mar 23 - 08:23,Asyik! Insentif Guru di Kaltara Bakal Cair Sebelum Lebaran,9252,publish,Yes,Kabar Kalimantan,-
02 Mar 23 - 04:11,"Inflasi Kaltim Februari 2023, Ini Kontributor Terbesar",9250,publish,Yes,Kabar Kalimantan,-
12 May 22 - 05:40,Pembangunan Jalan Pendekat Jembatan Pulau Balang Dikebut,9247,publish,Yes,Bisnis Kalimantan,-
01 Mar 23 - 07:15,"Naik 500 Persen, Ekspor Hasil Pertanian Kaltim Belum Mampu Saingi Batu Bara",9246,publish,Yes,Bisnis Kalimantan,-
15 Feb 23 - 02:27,Harga TBS Kaltim Alami Tren Penurunan,9231,publish,Yes,Bisnis Kalimantan,-
03 Mar 23 - 03:31,"Pemprov Kaltim Bangun Gedung Perawatan RS Baru, Nilai Anggaran Capai Ratusan Miliar",9220,publish,Yes,Kabar Kalimantan,-
14 Oct 22 - 09:12,Karantina Pertanian Balikpapan Waspadai Hewan Ternak Selundupan,9213,publish,Yes,Kabar Kalimantan,-
27 Feb 23 - 04:40,"Kaltim Berhasil Turunkan Lagi Emisi Gas Rumah Kaca, Berapa Besarannya?",9212,publish,Yes,Bisnis Kalimantan,-
07 Dec 22 - 03:59,Rasio Gini Warga Kaltara Paling Rendah di Pulau Kalimantan,9211,publish,Yes,Kabar Kalimantan,-
16 Oct 22 - 04:07,Bank Indonesia Tingkatkan Daya Saing UMKM dengan Kurasi Produk Unggulan,9207,publish,Yes,Bisnis Kalimantan,-
15 Feb 23 - 04:36,Pengembangan Kopi Kaltim Terkendala Modal,9200,publish,Yes,Bisnis Kalimantan,-
06 Mar 23 - 10:00,"Proyek Penanganan Banjir Pemkot Balikpapan Jadi Sorotan, Ini Pemicunya",9186,publish,Yes,Kabar Kalimantan,-
01 Mar 23 - 10:38,Kaltim yang Pertama di Indonesia Dibayar Bank Dunia Atas Pengurangan Emisi,9178,publish,Yes,Kabar Kalimantan,-
14 Feb 23 - 04:56,"Akses Transportasi Pelabuhan Samarinda Disorot Pengawas Persaingan Usaha, Ada Apa?",9171,publish,Yes,Bisnis Kalimantan,-
15 May 22 - 03:37,"Bara Tabang Alokasikan Rp21,9 Miliar Untuk Dana CSR Pada 2022",9163,publish,Yes,Bisnis Kalimantan,-
28 Jun 22 - 07:47,Pembelian BBM Subsidi dan MGCR Lewat Aplikasi Belum Bisa Disosialisasikan di Kaltim,9158,publish,Yes,Bisnis Kalimantan,-
02 Mar 23 - 02:59,"Tingkat Hunian Perhotelan Kaltim 53,52 Persen Januari 2023",9158,publish,Yes,Bisnis Kalimantan,-
27 Sep 22 - 07:33,Pisang Kepok Krecek Kutai Timur Bakal Ekspor 60 Ton ke Singapura,9146,publish,Yes,Bisnis Kalimantan,-
16 Apr 23 - 02:22,Harga TBS Sawit di Kaltim Periode II April 2023,9141,publish,Yes,Kabar Kalimantan,-
02 May 22 - 06:11,Jadwal Pelayanan Puskesmas dan Vaksinasi Covid-19 Selama Cuti Bersama Idulfitri 2022 di Balikpapan,9140,publish,Yes,Kabar Kalimantan,-
10 Mar 23 - 03:10,"Jelang Ramadan, Pemkot Samarinda Bakal Kucurkan 500 Ton Minyak Goreng Curah",9129,publish,Yes,Bisnis Kalimantan,-
24 Dec 20 - 09:01,Kaltim Perketat Aturan Kunjungan ke Wilayahnya,9117,publish,Yes,Kabar Kalimantan,-
22 Feb 23 - 10:46,Pemerintah Mulai Berlakukan KTP Digital di Kota Balikpapan,9117,publish,Yes,Kabar Kalimantan,-
05 Oct 22 - 11:40,"Kasus Stunting di Kota Samarinda Turun 0,94 Persen dari Tahun Lalu",9113,publish,Yes,Kabar Kalimantan,-
01 Mar 23 - 06:18,"Ekspor Kaltim Naik Tiga Digit, Tiongkok Tujuan Utama",9105,publish,Yes,Bisnis Kalimantan,-
27 Sep 22 - 06:45,Pembangunan Jalan Pendekat Jembatan Pulau Balang Sisi Balikpapan Menunggu Revisi Status Pengadaan Lahan,9104,publish,Yes,Kabar Kalimantan,-
11 Oct 22 - 09:26,"Kalbar Siapkan 4,81 Juta Hektare Lahan Perkebunan Berkelanjutan",9086,publish,Yes,Kabar Kalimantan,-
26 Apr 23 - 05:02,"Seluruh Objek Wisata Populer di Kaltim Padat Pengunjung Saat Lebaran, Apa Saja?",9083,publish,Yes,Kabar Kalimantan,-
15 Dec 22 - 06:35,Sah! Wali Kota Balikpapan Lantik Sekda Definitif,9083,publish,Yes,Kabar Kalimantan,-
28 Feb 23 - 03:12,"Inflasi Jelang Ramadan Bayangi Kaltim, Ini Langkah Otoritas",9076,publish,Yes,Bisnis Kalimantan,-
16 Feb 23 - 01:02,UMKM Kaltim Terus Dipacu untuk Ekspor,9074,publish,Yes,Bisnis Kalimantan,-
25 Apr 23 - 01:04,"Antisipasi Arus Balik, Pelindo Balikpapan Tambah Fasilitas Toilet hingga Jumlah Porter",9068,publish,Yes,Bisnis Kalimantan,-
01 Feb 23 - 03:49,Angka Kelahiran Menunjukkan Penurunan Dalam Lima Dekade Terakhir,9063,publish,Yes,Kabar Kalimantan,-
17 Oct 22 - 03:59,"Bandara Pertama di Mahakam Ulu, Kaltim Alokasikan Rp100 Miliar untuk Akses",9052,publish,Yes,Kabar Kalimantan,-
27 Feb 23 - 04:44,Transkon Jaya (TRJA) Kantongi Kontrak Rp1 Triliun Sepanjang 2022,9050,publish,Yes,Kabar Kalimantan,-
22 Dec 22 - 05:10,"Pemprov Kaltim Beri Patronasi ke Kawasan Ekonomi Khusus MBTK, Mulai Digarap Serius?",9049,publish,Yes,Bisnis Kalimantan,-
27 Dec 22 - 08:58,"Lagi! Kecelakaan Maut Simpang Rapak Balikpapan, Ini Kronologinya",9043,publish,Yes,Kabar Kalimantan,-
15 Mar 22 - 05:10,"Jokowi ke Titik Nol IKN, Hotel di Balikpapan Tuai Dampak Positif",9043,publish,Yes,Bisnis Kalimantan,Headline
16 Feb 23 - 12:41,"Nilai Ekspor Kaltim Rp383,97 Triliun Tahun Lalu, Bagaimana 2023?",9042,publish,Yes,Bisnis Kalimantan,-
21 Mar 23 - 01:42,Pemprov Kaltim Sediakan 18.000 Pohon Pisang Kepok Gerecek Buat Petani,9039,publish,Yes,Bisnis Kalimantan,-
15 Dec 22 - 06:57,"Kanwil DJP Kaltimtara Kantongi Rp1,2 Triliun dari Program Pengungkapan Sukarela",9023,publish,Yes,Bisnis Kalimantan,-
20 Jun 21 - 05:25,Satgas Covid 19 Balikpapan Targetkan 10.000 Vaksinasi dalam 5 Hari ke Depan,9022,publish,Yes,Kabar Kalimantan,-
07 Oct 22 - 10:41,"Garap Energi Hijau, Apindo Kaltim Ajak PT Listrik Kaltim Kerja Sama Dengan Investor Malaysia",9014,publish,Yes,Kabar Kalimantan,-
07 Mar 23 - 03:28,"Kemiskinan Ekstrem Turun, Gubernur Kaltara Ungkap Penyebabnya",8995,publish,Yes,Kabar Kalimantan,-
01 Mar 23 - 04:57,"Inflasi Kaltim 0,11 Persen Februari 2023, Balikpapan Tertinggi se Kalimantan",8977,publish,Yes,Kabar Kalimantan,-
17 Mar 23 - 04:07,"Harga Bapok Kaltim pada Pekan Ketiga Maret 2023, Begini Datanya",8977,publish,Yes,Kabar Kalimantan,-
21 Feb 23 - 04:52,Pemkot Balikpapan Upayakan Tambah Tenaga Pendidik Lewat Jalur P3K Tahun Ini,8976,publish,Yes,Kabar Kalimantan,-
19 Oct 22 - 09:03,IKN Menerbitkan Harapan Hilirisasi Industri di Benua Etam,8974,publish,Yes,Kabar Kalimantan,-
23 Feb 23 - 04:22,"1 Ton Daging Babi Ditolak Masuk Otoritas Balikpapan, Kenapa?",8971,publish,Yes,Kabar Kalimantan,-
20 Jan 23 - 06:20,Kemandirian Fiskal Kabupaten/Kota di Kalteng Membaik,8970,publish,Yes,Kabar Kalimantan,-
25 Mar 22 - 01:47,Simak! Pekerja Kini Gratis Vaksinasi Booster Sinopharm di Balikpapan,8968,publish,Yes,Kabar Kalimantan,-
25 Apr 23 - 01:44,Arus Balik di Pelabuhan Semayang Balikpapan Diprediksi Tanggal 5 dan 8 Mei Mendatang,8962,publish,Yes,Kabar Kalimantan,-
08 Nov 22 - 07:22,"Ekonomi Kaltim Bakal Terus Menanjak, Ini Syaratnya",8952,publish,Yes,Kabar Kalimantan,Headline
15 Dec 22 - 03:25,Pemkot Balikpapan Targetkan Pembangunan Fisik Mencapai 95 Persen,8947,publish,Yes,Kabar Kalimantan,-
31 Jan 23 - 07:17,KPPU Menduga Ada Monopoli Minyakita di Kalimantan,8935,publish,Yes,Bisnis Kalimantan,-
14 Dec 22 - 11:24,Sinarmas Land Percaya Diri Ekspansi Bisnis ke IKN,8934,publish,Yes,Kabar Kalimantan,-
01 Feb 23 - 03:19,Sepertiga Penduduk Kaltim Merupakan Penduduk Migran,8932,publish,Yes,Kabar Kalimantan,-
18 Apr 23 - 04:12,Kredit Macet di Kaltim Terendah Sejak 2018,8929,publish,Yes,Bisnis Kalimantan,-
02 Feb 23 - 12:50,"BI Kaltim: Inflasi Desember 2022 Terkendali, Masih di Bawah Inflasi Nasional",8924,publish,Yes,Bisnis Kalimantan,-
19 Oct 22 - 01:46,"Petani Hortikultura Balikpapan Diminta Pakai Pupuk Organik, yang Subsidi Langka?",8900,publish,Yes,Kabar Kalimantan,-
12 May 22 - 08:05,Tingkat Hunian Novotel Ibis Balikpapan Meningkat,8885,publish,Yes,Kabar Kalimantan,-
13 Mar 23 - 01:41,"Soal Kinerja Ekonomi Kaltim, Ini Kata Bank Indonesia",8884,publish,Yes,Bisnis Kalimantan,-
24 May 22 - 02:08,"Covid-19 Kalimantan Timur: Kasus Positif Nyaris Nol, Separuh Kaltim Zona Hijau",8881,publish,Yes,Kabar Kalimantan,Headline
16 Mar 23 - 06:45,Ekspor Pisang Kepok Asal Kutai Timur Perluas Pasar ke Australia |,8877,publish,Yes,Bisnis Kalimantan,-
01 Feb 23 - 07:24,"Ekspor Kaltim Desember 2022 US$ 3,05 Miliar",8868,publish,Yes,Kabar Kalimantan,-
23 Dec 22 - 05:09,"Kinerja Pertanian Kalbar, Produksi Sawit Membaik, Komoditas Karet Jeblok",8865,publish,Yes,Kabar Kalimantan,-
08 Mar 23 - 04:47,"Raperda RTRW Kaltim 2022-2042 Siap Disahkan, Stimulus bagi Proyek IKN?",8864,publish,Yes,Kabar Kalimantan,-
22 May 22 - 02:06,"Raksasa Produsen Baja Jepang Dekati Pengusaha Kaltim, Ada Apa?",8849,publish,Yes,Bisnis Kalimantan,-
19 Jun 22 - 05:42,Pemuda Kaltim Diminta Bersaing Jadi Wirausaha Mandiri di Era Digital,8845,publish,Yes,Bisnis Kalimantan,-
12 Jan 23 - 04:50,Pemprov Kaltim Targetkan 51.000 UMKM Terima Dana BLT,8833,publish,Yes,Bisnis Kalimantan,-
21 Feb 23 - 03:10,Sektor Pertambangan Kaltim Paling Besar Urusan Utang di Perbankan,8831,publish,Yes,Bisnis Kalimantan,-
17 Apr 23 - 03:27,Pertumbuhan DPK di Kaltim Lampaui Penyaluran Kredit di Akhir 2022,8829,publish,Yes,Bisnis Kalimantan,-
16 Dec 22 - 01:48,"DJP Kaltimtara Selamatkan Rp4,35 miliar Kerugian Negara dari Tiga Pengemplang Pajak",8828,publish,Yes,Bisnis Kalimantan,-
16 Oct 22 - 04:28,Disbun Kaltim: Peremajaan Sawit Rakyat di Kaltim Cakup 6.965 Hektare,8822,publish,Yes,Bisnis Kalimantan,-
20 Jan 23 - 02:46,Pendapatan Daerah Kalteng Naik di Kuartal III/2022,8815,publish,Yes,Kabar Kalimantan,-
31 Jan 23 - 06:05,Pengusaha Wanita Kaltim Bakal Bangun Food Court di IKN,8812,publish,Yes,Bisnis Kalimantan,-
12 Dec 22 - 10:10,Inovasi Pengusaha Muda di Balik Gerai Yoghurt Self Service Pertama di Balikpapan,8805,publish,Yes,Bisnis Kalimantan,-
21 Feb 23 - 03:50,"Lampaui Ekspektasi, Capaian QRIS Kaltim Tembus 300.000 Pengguna",8804,publish,Yes,Bisnis Kalimantan,-
18 Oct 22 - 04:22,43 UMKM Kaltim Tembus Pasar Ekspor,8802,publish,Yes,Bisnis Kalimantan,-
09 Mar 23 - 06:58,Penghuni Lapas di Balikpapan Dapat BPJS Gratis dari Pemerintah,8801,publish,Yes,Bisnis Kalimantan,-
19 Oct 22 - 04:58,"LU Pertambangan Sumbang 0,81 Persen Terhadap Perekonomian Kaltim",8795,publish,Yes,Bisnis Kalimantan,-
20 Jan 23 - 04:33,Kaltim Siap Jadi Tuan Rumah Gelaran Organization of Islamic Cooperation,8777,publish,Yes,Kabar Kalimantan,-
21 Feb 23 - 03:23,Kredit Kendaraan Bermotor dan Multiguna Picu Penyaluran Kredit Perbankan di Kaltim,8770,publish,Yes,Bisnis Kalimantan,-
20 Mar 23 - 12:41,"Kawasan IKN Nusantara Belum Aman dari Banjir, Begini Upaya Otorita",8768,publish,Yes,Kabar Kalimantan,-
13 Apr 23 - 11:25,"Kalteng Alokasikan THR dan Gaji ke-13 Rp56 Miliar, Ini Waktu Pencairannya",8760,publish,Yes,Kabar Kalimantan,-
16 Jan 23 - 10:04,Opsi Penambahan Modal Bankaltimtara Hingga Rencana Bisnis di 2023,8757,publish,Yes,Bisnis Kalimantan,-
05 Apr 23 - 11:59,"BI: Inflasi Balikpapan Maret 2023 Meningkat, Lebih Tinggi dari Nasional",8754,publish,Yes,Bisnis Kalimantan,-
21 Mar 23 - 02:17,Pemprov Kalteng Siapkan Rp83 Miliar untuk Pencegahan Karhutla 2023,8748,publish,Yes,Kabar Kalimantan,-
07 Jul 21 - 10:53,Kota Balikpapan Tetapkan PPKM Darurat hingga 20 Juli 2021,8744,publish,Yes,Kabar Kalimantan,-
03 Nov 21 - 07:55,Pemprov Kalbar Pastikan Pemekaran Provinsi Kapuas Raya Segera Terbentuk,8742,publish,Yes,Kabar Kalimantan,-
14 Jan 21 - 06:13,"Realisasi APBD 2020 Kaltara Capai Rp2,4 triliun",8735,publish,Yes,Kabar Kalimantan,-
06 Feb 23 - 05:47,Pemerintah Berupaya Tekan Maraknya Kasus Diabetes di Balikpapan,8735,publish,Yes,Kabar Kalimantan,-
09 Dec 22 - 03:05,KPPU Ingatkan Pihak KSOP di Kaltim Taat Aturan Persaingan Usaha,8730,publish,Yes,Bisnis Kalimantan,-
20 Mar 23 - 12:50,"Soal Kenaikan Harga Jelang Ramadan, Begini Imbauan KPPU di Kalimantan",8729,publish,Yes,Bisnis Kalimantan,-
03 Apr 23 - 02:33,"Tidak Boleh Dicicil, Wagub Kaltim Imbau Perusahaan Bayar THR Sesuai Aturan",8725,publish,Yes,Bisnis Kalimantan,-
17 Oct 22 - 07:24,"Lanjutkan Tren Positif, Ekonomi Kaltim Parkir di 3,03 Persen pada Kuartal II/2022",8706,publish,Yes,Bisnis Kalimantan,-
13 Feb 23 - 09:28,Karantina Balikpapan Tahan Beras Ilegal Asal India,8704,publish,Yes,Kabar Kalimantan,-
26 Apr 23 - 08:12,Penumpang Angkutan Laut di Samarinda Tahun Ini Tertinggi Sejak 2019,8704,publish,Yes,Bisnis Kalimantan,-
17 Oct 22 - 12:49,Samarinda Bakal Punya RPH Terpadu Modern,8700,publish,Yes,Kabar Kalimantan,-
25 Oct 22 - 08:53,Fokus Bisnis Kaltim Amonium Nitrat Menyasar Pasar Dalam Negeri,8699,publish,Yes,Bisnis Kalimantan,-
01 Feb 23 - 04:38,"Inflasi Gabungan Kaltim 0,43 Persen Januari 2023",8673,publish,Yes,Bisnis Kalimantan,-
03 Apr 23 - 02:47,"Kaltim Inflasi 0,59 Persen pada Maret 2023",8663,publish,Yes,Bisnis Kalimantan,-
27 Apr 23 - 04:07,Pemprov Kaltim Alokasikan Rp1 Triliun untuk Paket Kegiatan Tahun 2023,8653,publish,Yes,Kabar Kalimantan,-
14 Oct 22 - 03:46,DPRD Balikpapan Usul Alokasi DAK Difokuskan pada Pengembangan Ekonomi Lewat UMKM,8646,publish,Yes,Kabar Kalimantan,-
17 May 22 - 12:33,"Petani Sawit Menjerit, Pemprov Kaltim Minta Aturan Soal Larangan Ekspor CPO Dikaji Ulang",8645,publish,Yes,Bisnis Kalimantan,Headline
17 Oct 22 - 04:42,Pemprov Kaltim Tangani Sementara Dua Area Longsor di Samarinda,8640,publish,Yes,Kabar Kalimantan,-
14 Oct 22 - 03:27,"Gubernur Kaltim Sindir Perusahaan Sawit, Tidak Mau Salurkan CSR?",8637,publish,Yes,Bisnis Kalimantan,-
14 Apr 23 - 03:50,Angkasa Pura I Proyeksikan Puncak Arus Mudik di Bandara SAMS Sepinggan 18 April 2023,8635,publish,Yes,Bisnis Kalimantan,-
05 Jan 23 - 07:16,Pemprov Kalbar Memiliki Harapan Besar PAD Terus Meningkat,8634,publish,Yes,Kabar Kalimantan,-
25 Oct 22 - 07:15,"Pupuk Kaltim Diversifikasi Pengembangan Amonium Nitrat Lewat Anak Usaha, Target Rampung 2023",8633,publish,Yes,Bisnis Kalimantan,-
28 Sep 22 - 04:39,Eksportir Pisang Kepok Krecek Terhambat Infrastruktur,8629,publish,Yes,Bisnis Kalimantan,-
26 Sep 22 - 03:10,"Kasus DBD Melonjak, Warga Balikpapan Diminta Serius Tingkatkan Kewaspadaan",8626,publish,Yes,Kabar Kalimantan,-
24 Oct 22 - 04:52,Menilik Pembangunan Infrastruktur Pedalaman Kaltim di Kabupaten Kubar dan Mahulu,8620,publish,Yes,Kabar Kalimantan,-
25 Oct 22 - 01:43,Kesan Warga Balikpapan Mendapat Buah Tangan dari Jokowi,8617,publish,Yes,Kabar Kalimantan,-
28 Apr 23 - 03:59,Gubernur Kaltara Buka Pintu Investasi dan Kerja Sama di Sektor Industri Hijau,8613,publish,Yes,Bisnis Kalimantan,-
26 Apr 23 - 04:53,Konsumsi Pertalite Hingga Pertamax Turbo di Kalimantan Naik Saat Lebaran,8608,publish,Yes,Bisnis Kalimantan,-
07 Oct 22 - 06:58,"Bisnis Indonesia Goes to Campus 2022, Bankaltimtara Berikan Pemahaman Literasi Keuangan Perbankan",8604,publish,Yes,Bisnis Kalimantan,-
03 Oct 22 - 09:32,Ekspor Hasil Industri Kaltim Paling Positif Sepanjang Agustus 2022,8603,publish,Yes,Bisnis Kalimantan,-
05 Apr 23 - 12:15,Peserta BPJS Ketegakerjaan Kaltim Tertinggi se-Kalimantan,8602,publish,Yes,Bisnis Kalimantan,-
05 Dec 22 - 01:19,"BPS Catat Indeks Pembangunan Manusia 2022 di Kaltim Tembus 77,44 Poin",8594,publish,Yes,Kabar Kalimantan,-
20 Jun 22 - 01:57,"Bank Indonesia Prakirakan Ekonomi Kaltim Bisa Capai 3,3 Persen (YoY) Tahun Ini",8593,publish,Yes,Bisnis Kalimantan,-
26 Apr 23 - 04:29,BKPSDM Pontianak Monitor Kehadiran ASN di Hari Pertama Kerja Pascalebaran,8587,publish,Yes,Kabar Kalimantan,-
12 Dec 22 - 05:44,"Potret Mobil Listrik Hingga Peluang Kemitraan SPKLU di Balikpapan, Ini Kata PLN",8583,publish,Yes,Bisnis Kalimantan,-
04 Oct 22 - 03:24,"Ekspor Nonmigas Kaltim Agustus 2022, Ini Komoditas Kontributor Terbesar",8583,publish,Yes,Kabar Kalimantan,-
16 Dec 22 - 04:15,Waduh! Komoditas Pertanian Ilegal Asal Mamuju hingga Jerman Dimusnahkan,8583,publish,Yes,Bisnis Kalimantan,-
03 Apr 23 - 01:27,Harga TBS Kaltim Hanya Naik Rp10 Periode II Maret 2023,8583,publish,Yes,Bisnis Kalimantan,-
26 Jan 23 - 11:17,Daftar Tunggu Calon Haji di Balikpapan Hingga 69 Tahun,8579,publish,Yes,Kabar Kalimantan,-
05 Apr 23 - 08:05,"Tumbuh Positif Sepanjang 2022, Sektor Perdagangan Kaltim Ditopang Perdagangan Eceran",8568,publish,Yes,Bisnis Kalimantan,-
28 Sep 22 - 07:32,"Kalsel Himpun Pendapatan Rp10,16 Triliun Kuartal II/2022",8568,publish,Yes,Kabar Kalimantan,-
21 May 22 - 10:44,Ini Lokasi Vaksinasi Covid-19 di Balikpapan,8565,publish,Yes,Kabar Kalimantan,-
25 Mar 23 - 05:02,Pertumbuhan Ekonomi Kaltim 2023 Naik Hingga 5 Persen? Ini Kata Bank Indonesia,8564,publish,Yes,Bisnis Kalimantan,-
21 Mar 23 - 01:25,"BMKG Peringatkan Warga Kaltim: Siap-siap Hadapi Banjir, Longsor, dan Cuaca Ekstrem!",8562,publish,Yes,Kabar Kalimantan,-
29 Oct 22 - 04:57,AHM Kaltim Optimistis Penjualan Tumbuh 5 Persen Tahun Depan,8560,publish,Yes,Bisnis Kalimantan,-
19 Dec 22 - 02:15,Speed Boat di Kaltara Diperiksa Jelang Nataru 2022,8557,publish,Yes,Kabar Kalimantan,-
14 Oct 22 - 04:29,Waspada! Tujuh Kabupaten/Kota di Kaltim Berstatus Zona Merah PMK,8554,publish,Yes,Kabar Kalimantan,-
24 Jan 23 - 11:30,"Pemkot Samarinda Bangun Terowongan Senilai Rp400 Miliar, Demi IKN?",8540,publish,Yes,Kabar Kalimantan,-
14 Feb 23 - 02:45,"Penerimaan Bea Cukai Kalimantan Bagian Timur Naik 115,16 Persen",8537,publish,Yes,Kabar Kalimantan,-
03 Oct 22 - 07:45,"Inflasi Kaltim 5,69 Persen Secara Tahunan Per September 2022, Tertinggi Sejak 2020",8534,publish,Yes,Bisnis Kalimantan,-
27 Apr 23 - 05:07,Kecelakaan Maut di Kaltim dan Kaltara Saat Lebaran Tahun 2023 Berkurang,8532,publish,Yes,Bisnis Kalimantan,-
25 Feb 22 - 03:42,"Melalui RUPSLB, Transkon Jaya (TRJA) Bentuk 2 Anak Usaha",8530,publish,Yes,Bisnis Kalimantan,Headline
17 Feb 21 - 06:15,Gubernur Terpilih Kaltara 2021-2024 Siapkan Langkah Strategis 100 Hari Kerja,8520,publish,Yes,Kabar Kalimantan,-
22 Jun 22 - 06:27,Pemerintah Pacu Konsumsi Pangan Lokal Tengah di Kaltim,8519,publish,Yes,Bisnis Kalimantan,-
12 Oct 22 - 07:05,Masa Depan Ekonomi Balikpapan Bertumpu pada MICE dan Ekonomi Kreatif,8513,publish,Yes,Kabar Kalimantan,-
24 Mar 23 - 06:42,Sektor Pertambangan Kaltim Tumbuh Positif Sepanjang 2022,8511,publish,Yes,Bisnis Kalimantan,-
15 Sep 22 - 03:15,17 Persen Wanita Minati Pekerjaan TA di Kilang Minyak Balikpapan,8510,publish,Yes,Bisnis Kalimantan,-
19 Apr 21 - 06:34,Harga TBS di Kalsel Meningkat 6 Persen pada April 2021,8507,publish,Yes,Kabar Kalimantan,-
09 Dec 22 - 02:30,"Pertamina Setor Rp2,2 Triliun PBBKB ke Pemprov Kaltim",8507,publish,Yes,Bisnis Kalimantan,-
24 Oct 22 - 09:25,Kemandirian Fiskal Kaltim Cetak Rekor Tertinggi Sejak 2019,8506,publish,Yes,Bisnis Kalimantan,-
10 May 22 - 02:39,"Perekonomian Kaltim Tumbuh Positif 1,85 Persen di Kuartal I/2022",8500,publish,Yes,Bisnis Kalimantan,-
13 Oct 22 - 04:55,"Pemkot Balikpapan Klaim Tren DBD Meningkat, Kasus Meninggal Didominasi Anak-anak",8498,publish,Yes,Kabar Kalimantan,-
16 Apr 23 - 10:52,Pelabuhan Semayang Balikpapan Diminta Percepat Lalu Lintas Logistik,8496,publish,Yes,Kabar Kalimantan,-
10 Oct 22 - 03:32,Kaltim Ajukan Klaim Uang Emisi Karbon US$25 Juta ke World Bank,8492,publish,Yes,Kabar Kalimantan,-
31 Oct 22 - 06:35,"Kasus Positif Covid-19 di Balikpapan Meningkat, Didominasi Pekerja",8490,publish,Yes,Kabar Kalimantan,-
23 May 22 - 10:56,"Ekspor CPO Dibuka, Begini Harga Minyak Goreng di Kota Balikpapan",8490,publish,Yes,Bisnis Kalimantan,-
29 Nov 22 - 09:50,Pemprov Kaltim Soroti Sejumlah Jalan Nasional yang Rusak,8477,publish,Yes,Kabar Kalimantan,-
31 Jan 23 - 03:30,Tenaga Kerja Kaltim Bakal Tergantikan oleh Teknologi? Begini Penjelasan Apindo,8477,publish,Yes,Bisnis Kalimantan,-
04 Oct 22 - 12:57,Bank Indonesia Ungkap Kelompok Transportasi Pemicu Utama Kenaikan Inflasi Kaltim,8477,publish,Yes,Bisnis Kalimantan,-
12 Apr 23 - 08:48,Puncak Mudik dari Pelabuhan Balikpapan Diproyeksi 13-17 April 2023,8473,publish,Yes,Bisnis Kalimantan,-
24 Oct 22 - 01:29,Keyakinan Konsumen Kaltim Tertinggi Dalam 4 Tahun,8468,publish,Yes,Kabar Kalimantan,-
20 Mar 23 - 07:50,Antisipasi Dini Sejak dalam Kandungan Jadi Strategi Balikpapan Cegah Stunting,8468,publish,Yes,Bisnis Kalimantan,-
13 Dec 22 - 02:27,"KPPU Getol Pastikan Pelabuhan di Kaltim Bersih dari Monopoli, karena IKN Pindah?",8466,publish,Yes,Bisnis Kalimantan,-
06 Oct 22 - 09:06,"Okupansi Perhotelan Kaltim Capai 60,32 Persen pada Agustus 2022",8462,publish,Yes,Kabar Kalimantan,-
14 Apr 23 - 02:27,Baznas Balikpapan Targetkan Penerimaan Zakat Hingga Rp15 Miliar,8460,publish,Yes,Bisnis Kalimantan,-
28 Jan 21 - 09:27,"Penularan Covid 19 di Kaltim Masih Tinggi, 10 Kabupaten/Kota Berstatus Zona Merah",8457,publish,Yes,Kabar Kalimantan,-
13 Dec 22 - 05:31,"Pembangunan Infrastruktur Kaltim, Gubernur Ungkap Tantangannya",8455,publish,Yes,Kabar Kalimantan,-
02 Apr 23 - 04:57,Pelaku Pencurian Batu Bara di Kaltim Ditembak Mati Polisi,8452,publish,Yes,Kabar Kalimantan,-
15 Mar 23 - 05:47,"Jelang Ramadan, Wagub Kaltim Imbau Pemerintah Kabupaten/Kota Gelar Pasar Murah",8444,publish,Yes,Kabar Kalimantan,-
11 Apr 23 - 02:45,"Masyarakat Kaltim Optimistis Ekonomi Tetap Kuat, Dipengaruhi IKN",8439,publish,Yes,Kabar Kalimantan,-
23 Dec 22 - 04:20,"Ekonomi Kalbar Tumbuh 6,48 Persen, Begini Kondisinya",8438,publish,Yes,Kabar Kalimantan,-
04 Apr 23 - 12:23,"Hunian Kamar Hotel Kaltim 60,71 Persen Februari 2023, Bintang 5 Laris Manis",8435,publish,Yes,Bisnis Kalimantan,-
15 Dec 20 - 07:09,"Sah! APBD 2021 Kaltim Diketok, Nilainya Rp11,61 Triliun",8434,publish,Yes,Kabar Kalimantan,-
15 Nov 22 - 11:16,"Penyaluran Pembiayaan IKNB Kaltim Capai Rp16,81 Triliun, Ini Porsi Terbesarnya",8429,publish,Yes,Bisnis Kalimantan,Headline
17 Dec 20 - 09:19,3 Surat Edaran Pemkot Balikpapan Perketat Protokol Kesehatan,8426,publish,Yes,Kabar Kalimantan,Headline
24 Oct 22 - 07:46,"Penyaluran Dana Desa di Kaltim Capai 44,64 Persen Kuartal II/2022",8423,publish,Yes,Kabar Kalimantan,-
29 Nov 22 - 04:23,"Kemantapan Jalan Provinsi Kaltim Capai 77,41 Persen",8423,publish,Yes,Kabar Kalimantan,-
03 Oct 22 - 08:32,"Ekspor Gas Naik 2 Kali Lipat, Kaltim Cetak Nilai Ekspor US$3,71 Miliar Agustus 2022",8415,publish,Yes,Bisnis Kalimantan,-
13 Dec 22 - 04:32,Pemprov Kaltim Targetkan 200 Kampung Iklim Hingga 2030,8415,publish,Yes,Kabar Kalimantan,-
25 Oct 22 - 12:26,Jokowi Bakal Kumpulkan Investor ke IKN? Begini Kata Menteri PUPR,8414,publish,Yes,Kabar Kalimantan,-
28 Apr 23 - 03:48,Kabupaten PPU dan Kukar Destinasi Terfavorit Wisatawan Selama Lebaran di Kaltim,8412,publish,Yes,Bisnis Kalimantan,-
27 Sep 22 - 07:40,"Bulog Kaltimra Minta Masyarakat Tidak Panik Krisis Pangan, Gelontorkan 2.700 Ton Beras",8410,publish,Yes,Bisnis Kalimantan,-
28 Apr 23 - 04:58,Pengusaha Logistik di Kaltim Sesuaikan Biaya Angkutan Imbas Kenaikan Tarif Tol Balsam,8409,publish,Yes,Bisnis Kalimantan,-
26 Sep 22 - 04:29,Disperkim Balikpapan Bakal Bangun 70 Rumah Tidak Layak Huni Bulan Depan,8409,publish,Yes,Kabar Kalimantan,-
18 Jan 23 - 07:05,"Kinerja Ekspor Impor Kaltim Belum Maksimal, Kenapa?",8409,publish,Yes,Bisnis Kalimantan,-
19 Jan 23 - 05:55,Pemprov Kalteng Upayakan Penyerapan Anggaran 20 Persen di Kuartal Awal 2023,8401,publish,Yes,Kabar Kalimantan,-
26 Oct 22 - 03:13,"Anak Kalbar Wajib Punya KIA, Gubernur: Tak Punya KIA Tak Dapat Beasiswa",8397,publish,Yes,Kabar Kalimantan,-
27 Apr 23 - 12:15,Konsumsi Avtur di Kalimantan Melonjak saat Lebaran 2023,8394,publish,Yes,Bisnis Kalimantan,-
26 Jan 23 - 04:06,"Kutukan Sumber Daya Alam Bisa Hampiri Kaltim, Ini Kata Pemda",8391,publish,Yes,Kabar Kalimantan,-
27 Mar 23 - 05:10,Simak! Jadwal dan Lokasi Pasar Murah Pemprov Kaltim,8391,publish,Yes,Bisnis Kalimantan,-
28 Mar 23 - 12:46,Pemprov Kaltim Mengucurkan Rp354 Miliar untuk Proyek Khusus di Samarinda,8388,publish,Yes,Kabar Kalimantan,-
26 Sep 22 - 04:01,Balikpapan Bakal Bangun Kebun Induk Buah-Buahan Lokal,8381,publish,Yes,Kabar Kalimantan,-
19 Dec 22 - 08:53,KPPU Dalami Dugaan Kartel Pemicu Kelangkaan Minyak Goreng,8378,publish,Yes,Kabar Kalimantan,-
08 Sep 21 - 03:55,Simak! Syarat Perjalanan Masuk dan Keluar Kota Balikpapan,8377,publish,Yes,Kabar Kalimantan,-
21 Mar 22 - 04:48,Gubernur Kaltim Diminta Buat Gebrakan Ekonomi,8368,publish,Yes,Kabar Kalimantan,Headline
27 Sep 22 - 02:26,Investor Malaysia Tertarik Bangun Pabrik Roti di KIK,8367,publish,Yes,Kabar Kalimantan,-
12 Apr 23 - 05:50,Polda Kaltim Dirikan 67 Pos Pengamanan Hadapi Idulfitri,8362,publish,Yes,Kabar Kalimantan,-
31 Jan 23 - 05:10,Apindo Kaltim Ungkap Syarat Agar Investor Mau Tanamkan Modal,8359,publish,Yes,Bisnis Kalimantan,-
08 Dec 22 - 01:40,"Kuartal III/2022, Industri Pengolahan Kaltim Lesu",8355,publish,Yes,Bisnis Kalimantan,-
22 Dec 22 - 02:29,"Alokasi APBN 2023 untuk Kaltara Naik 17,06 Persen",8354,publish,Yes,Kabar Kalimantan,-
27 Mar 23 - 06:49,"Kaltim Alokasikan Rp3,7 Miliar untuk Lawan Stunting",8350,publish,Yes,Kabar Kalimantan,-
24 Mar 23 - 01:32,"Karantina Balikpapan Tahan 1,5 Ton Daging Babi dan 43 Ekor Sapi",8349,publish,Yes,Bisnis Kalimantan,-
30 Jan 23 - 04:13,Wow! Kota Balikpapan Terbanyak Pengguna Kartu Kredit di Kaltim,8345,publish,Yes,Bisnis Kalimantan,-
12 Apr 23 - 03:06,DPTPH Kaltim Sokong Pengembangan Pisang Kepok Gerecek dengan Alat Panen Modern,8345,publish,Yes,Bisnis Kalimantan,-
24 Mar 22 - 09:20,"Vaksinasi Booster Syarat Mudik Lebaran 2022, Jumlah Warga Balikpapan Divaksinasi Melonjak",8343,publish,Yes,Kabar Kalimantan,Headline
13 Apr 23 - 04:18,Cara Gubernur Kalteng Tekan Inflasi di Wilayahnya,8342,publish,Yes,Bisnis Kalimantan,-
20 Jan 23 - 12:43,Temuan KPPU soal Gejolak Pangan di Awal Tahun,8336,publish,Yes,Kabar Kalimantan,-
30 Mar 23 - 11:43,Industri Pengolahan Kaltim 2022 Tumbuh Lebih Baik,8330,publish,Yes,Bisnis Kalimantan,-
11 Oct 22 - 01:15,"Dukung Transisi Green Energy, Pertamina Berikan Solar Panel kepada SMAN 5 Balikpapan",8329,publish,Yes,Kabar Kalimantan,-
19 Dec 22 - 02:42,"Bandara SAMS Sepinggan Sibuk Jelang Nataru, Jumlah Penumpang Lampaui 14.000 per Hari",8323,publish,Yes,Bisnis Kalimantan,-
20 Sep 22 - 01:10,Penjualan Emas Antam di Balikpapan Tumbuh 15 Persen Sepanjang 2022,8323,publish,Yes,Bisnis Kalimantan,-
30 Jan 23 - 01:51,"Jelang Akhir Jabatan Gubernur-Wakil Gubernur Kaltim, Apa Kebijakannya",8319,publish,Yes,Kabar Kalimantan,-
13 Oct 22 - 04:38,Bulog Kaltimtara Gelontorkan 3.600 Ton Beras,8315,publish,Yes,Bisnis Kalimantan,-
05 Dec 22 - 05:15,Pemprov Kalteng Klaim Sukses Kendalikan Inflasi Pascakenaikan Harga BBM,8301,publish,Yes,Bisnis Kalimantan,-
30 Mar 23 - 10:03,Usaha Konstruksi Kaltim Tumbuh Hampir Dua Kali Lipat,8295,publish,Yes,Bisnis Kalimantan,-
03 May 22 - 02:00,"Idulfitri 2022, Pertamina Siapkan SPBU Self Service di Tol Balsam",8293,publish,Yes,Kabar Kalimantan,Headline
29 Jan 23 - 03:02,Tingkat Stunting di Balikpapan Naik 2 Persen Sepanjang 2022,8289,publish,Yes,Kabar Kalimantan,-
01 Nov 22 - 05:05,"Inflasi Kaltim 0,17 Persen Oktober 2022",8283,publish,Yes,Bisnis Kalimantan,-
05 Jan 23 - 01:58,"Dana Desa di Kaltim 78,22 Persen sudah Tersalurkan",8282,publish,Yes,Kabar Kalimantan,-
23 Oct 21 - 08:28,Kementerian Investasi Jelaskan Aturan Turunan UU Cipta Kerja,8281,publish,Yes,Kabar Kalimantan,-
20 Sep 22 - 03:40,"Relokasi Butik Emas Balikpapan, ANTM Sasar Milenial dan Gen Z",8281,publish,Yes,Bisnis Kalimantan,-
07 Feb 22 - 05:56,"Kasus Covid-19 Meningkat, Separuh Wilayah Kaltim Zona Merah Corona",8270,publish,Yes,Kabar Kalimantan,Headline
09 Feb 22 - 06:23,"Sosok Fatimah, Kader PSI yang Tewas Bersama Putra Gubernur Kaltara AKP Novandi",8269,publish,Yes,Nasional,-
11 Jan 23 - 01:44,"Sering Ada Kebocoran, PDAM Balikpapan Bakal Ganti Pipa Transmisi",8269,publish,Yes,Kabar Kalimantan,-
24 Dec 22 - 01:45,KPI Unit Balikpapan Pastikan Kilang Beroperasi Normal Saat Nataru,8269,publish,Yes,Kabar Kalimantan,-
04 Aug 22 - 07:17,"Jadwal Lokasi Vaksinasi Booster di Balikpapan, Kamis 4 Agustus 2022",8268,publish,Yes,Kabar Kalimantan,-
16 Jan 23 - 02:53,Nelangsa! Penduduk Miskin di Kaltim Naik 6.000 Jiwa per September 2022,8265,publish,Yes,Bisnis Kalimantan,-
03 Nov 22 - 03:23,"Efek Banjir Kalteng, 155.640 Jiwa Jadi Korban Sepanjang Oktober 2022",8263,publish,Yes,Kabar Kalimantan,-
19 Jun 22 - 03:45,Anti Ribet! Pemkot Balikpapan Bentuk Aplikasi Khusus Wirausaha Bagi Pemuda,8252,publish,Yes,Bisnis Kalimantan,-
03 Nov 22 - 03:05,Harga Sawit Kaltim Ditetapkan Naik Lagi,8252,publish,Yes,Bisnis Kalimantan,-
26 Dec 22 - 06:52,Bank Indonesia Sebut Sektor Perdagangan dan Eceran di Kalbar Perlu Perhatian,8250,publish,Yes,Bisnis Kalimantan,-
28 Mar 23 - 04:29,"Komoditas Ilegal di Kaltim Dimusnahkan, Begini Rinciannya",8246,publish,Yes,Kabar Kalimantan,-
30 Mar 23 - 12:40,Duh! Ada 1.436 Balita Alami Stunting di Balikpapan,8245,publish,Yes,Kabar Kalimantan,-
05 Jan 23 - 04:52,Target Pajak Daerah Kaltim Dinaikkan Rp2 Triliun dari Tahun Lalu,8237,publish,Yes,Bisnis Kalimantan,-
14 Dec 22 - 02:03,Pemkot Balikpapan Sidak Pasar Modern Jelang Nataru,8237,publish,Yes,Kabar Kalimantan,-
27 Jan 23 - 04:20,Pembangunan KBM Tanjung Selor Segera Dilakukan Tahun Ini,8234,publish,Yes,Bisnis Kalimantan,-
26 Oct 22 - 10:40,Pemprov Kaltim Tegaskan Belum Ada Kasus Ginjal Akut pada Anak di Wilayahnya,8231,publish,Yes,Kabar Kalimantan,-
26 Jan 23 - 02:50,"Investasi Hijau Diutamakan, Pemda Kaltim Tawarkan Opsi Selain Pertambangan",8228,publish,Yes,Bisnis Kalimantan,-
01 Jul 22 - 03:06,Pelaku UMKM Bingung Aturan Baru Beli BBM Bersubsidi? Perhatikan Ini,8224,publish,Yes,Kabar Kalimantan,-
28 Oct 22 - 06:08,Pembiayaan Modal Kerja Dominasi Lebih Separuh Penyaluran Kredit UMKM Kaltim,8221,publish,Yes,Bisnis Kalimantan,-
29 Mar 23 - 01:55,"BI Kaltim Siapkan Rp4,19 Triliun Uang Tunai Selama Ramadan dan Idulfitri Tahun Ini",8219,publish,Yes,Bisnis Kalimantan,-
18 Jan 23 - 05:20,"Balikpapan Patok Target PAD Tahun Ini Rp1,08 Triliun",8219,publish,Yes,Kabar Kalimantan,-
07 Dec 22 - 05:24,Kaltim Diklaim Bersih dari Kasus PMK Hewan Ternak,8217,publish,Yes,Kabar Kalimantan,-
12 Oct 22 - 09:00,"Ada 98.282 Kendaraan di Kaltim Ikut Pemutihan PKB, Sumbang Rp78,50 Miliar",8217,publish,Yes,Kabar Kalimantan,-
02 Dec 22 - 03:57,Cakupan Peserta Kelas 3 BPJS Kesehatan di Balikpapan Terus Meningkat,8213,publish,Yes,Bisnis Kalimantan,-
06 Oct 22 - 05:16,"Bisnis Indonesia Goes to Campus 2022, Telkom Indonesia Ajak Mahasiswa Unmul Jadi Agen Literasi Digital",8200,publish,Yes,Bisnis Kalimantan,-
24 Dec 20 - 08:35,150.000 Warga Balikpapan Bakal Mendapat Vaksin Covid-19,8198,publish,Yes,Kabar Kalimantan,-
10 May 22 - 05:28,Pengamat: Kinerja Ekonomi Kaltim Ditentukan Harga Komoditas Dunia,8198,publish,Yes,Bisnis Kalimantan,-
08 Nov 22 - 10:40,Delapan Daerah dan 441 Desa di Kaltim Berhak Dana dari World Bank,8196,publish,Yes,Kabar Kalimantan,-
22 Dec 22 - 01:57,"Pasokan BBM di Kalimantan Bakal Naik 2,9 Persen Saat Nataru, Pertamina Jamin Stok Aman",8193,publish,Yes,Bisnis Kalimantan,-
29 Mar 23 - 03:44,Komoditas Ilegal Berulang Kali Masuk Kaltim? Begini Kata Balai Karantina,8192,publish,Yes,Kabar Kalimantan,-
24 Mar 23 - 11:20,"Waspada Cuaca Buruk, Nelayan Balikpapan Diimbau Pantau Prakiraan Cuaca",8192,publish,Yes,Kabar Kalimantan,-
06 Oct 22 - 01:57,"Bisnis Goes To Campus 2022, Menularkan Benih Literasi Digital di Universitas Mulawarman",8190,publish,Yes,Kabar Kalimantan,-
05 Jan 23 - 03:53,Satgas Covid-19 Kaltim Tidak Dibubarkan Meski PPKM Dicabut,8189,publish,Yes,Kabar Kalimantan,-
27 Oct 22 - 02:18,BI Prediksi Inflasi Kaltim Turun Akibat Sejumlah Faktor,8188,publish,Yes,Kabar Kalimantan,-
17 Jun 22 - 09:03,Penggunaan QRIS di Kaltim Masih Didominasi Warga Samarinda,8188,publish,Yes,Bisnis Kalimantan,-
05 Dec 22 - 06:10,"Baru 61,02 Persen Warga Balikpapan Divaksinasi Booster",8184,publish,Yes,Kabar Kalimantan,-
02 Nov 22 - 05:58,Panas Batu Bara Topang Devisa Kaltim,8160,publish,Yes,Bisnis Kalimantan,-
20 Sep 22 - 03:31,"Kejar Setoran Pajak Minerba Alot, PAD Balikpapan Tertekan",8160,publish,Yes,Bisnis Kalimantan,-
13 Jan 23 - 06:37,Bahan Pokok di Samarinda Merangkak Naik Pada Minggu Kedua Januari 2023,8158,publish,Yes,Kabar Kalimantan,-
12 Oct 22 - 07:20,TPID Balikpapan Waspadai Kenaikan BBM Picu Inflasi Lebih Parah,8157,publish,Yes,Bisnis Kalimantan,-
01 Dec 22 - 01:13,"Pertamina Fokus Amankan Jalur Pipa Bawah Air, Gandeng Stakeholder Balikpapan",8152,publish,Yes,Bisnis Kalimantan,-
29 Jan 23 - 03:18,"2022, Baznas Kaltim Salurkan ZIS Senilai Rp8,7 Miliar",8141,publish,Yes,Kabar Kalimantan,-
17 May 22 - 12:34,Begini Langkah Pemprov Kaltim Pastikan Hewan Ternak Bebas PMK,8132,publish,Yes,Kabar Kalimantan,-
26 Jan 23 - 11:36,"243 Calhaj Asal Balikpapan Batalkan Keberangkatan ke Tanah Suci, Ada Apa?",8131,publish,Yes,Kabar Kalimantan,-
30 Jan 23 - 08:34,Pekerjaan Rumah Besar Pemprov Kaltim Soal Kesehatan Ibu dan Anak,8129,publish,Yes,Kabar Kalimantan,-
30 Nov 22 - 11:18,"Langgar Aturan Karantina, 26 Ekor Babi Ditahan Masuk Balikpapan",8129,publish,Yes,Bisnis Kalimantan,-
27 Mar 23 - 12:39,"Pasokan Pangan ke Balikpapan, Begini Kondisinya",8113,publish,Yes,Bisnis Kalimantan,-
12 May 22 - 09:23,"Selama Lebaran, Penumpang di Bandara SAMS Sepinggan Naik",8113,publish,Yes,Kabar Kalimantan,-
27 Jan 23 - 03:50,"Pasien WNA Terkonfirmasi Covid-19 Varian Kraken di Balikpapan, Dinyatakan Sembuh",8113,publish,Yes,Kabar Kalimantan,-
05 Jan 23 - 01:49,"Penerimaan Pajak Lebihi Target, Kaltim Diklaim Tertinggi Nasional",8112,publish,Yes,Kabar Kalimantan,-
21 Dec 22 - 02:37,"Pengguna QRIS di Kaltim Terus Tumbuh, Nominal Tembus Rp82,61 Miliar",8101,publish,Yes,Bisnis Kalimantan,-
29 Dec 22 - 03:25,Permintaan Batu Bara Kalsel Diprediksi Turun pada Akhir Tahun 2022,8095,publish,Yes,Bisnis Kalimantan,-
15 Mar 22 - 09:05,"Industri Perhotelan di Kaltim Pulih Tahun Ini, Koq Bisa?",8094,publish,Yes,Bisnis Kalimantan,-
21 Jun 22 - 06:27,Pemprov Kaltim Koordinasi Dorong Efek Berganda TKDN di Industri Hulu Migas,8088,publish,Yes,Bisnis Kalimantan,-
01 Nov 22 - 06:37,"Kaltim Dikucuri Insentif Rp19,41 Miliar Atas Pengendalian Inflasi",8083,publish,Yes,Kabar Kalimantan,-
02 Jan 23 - 02:50,Sebanyak 38 Desa Dapat Jaringan Internet di Kaltim,8068,publish,Yes,Kabar Kalimantan,-
02 May 23 - 02:00,70 Persen Anak Balikpapan Tidak Melanjutkan ke Perguruan Tinggi,8066,publish,Yes,Kabar Kalimantan,-
03 Jan 23 - 01:59,"Produk Hasil Pertanian Kaltim Jempolan, Ekspor Naik 149,26 Persen",8063,publish,Yes,Kabar Kalimantan,-
21 Dec 22 - 08:23,"Penggunaan Uang Elektronik Warga Kaltim Tembus Rp1,03 Triliun Kuartal III/2022",8059,publish,Yes,Bisnis Kalimantan,-
12 Dec 22 - 01:33,TPID Balikpapan Gelar Pasar Murah Jelang Nataru,8055,publish,Yes,Bisnis Kalimantan,-
21 Sep 22 - 04:01,Kinerja Ekonomi Kalsel Cetak Rekor dalam 5 Tahun Terakhir,8049,publish,Yes,Kabar Kalimantan,-
29 Apr 21 - 07:45,Perkembangan Terkini Food Estate Kalimantan Tengah,8046,publish,Yes,Kabar Kalimantan,-
24 Jan 23 - 11:20,Penghapusan Kelas BPJS Kesehatan di Balikpapan Masih Menunggu Aturan,8044,publish,Yes,Bisnis Kalimantan,-
26 Oct 22 - 06:23,Dinkes Kaltim Minta Penyerapan Tenaga Kesehatan Lokal Diprioritaskan di IKN,8035,publish,Yes,Kabar Kalimantan,-
23 Sep 22 - 07:20,"Peserta BPJS Baru Tercatat 77,50 Persen, Sekda: Cakupan Terendah se-Indonesia",8032,publish,Yes,Bisnis Kalimantan,-
23 Sep 22 - 11:07,Kaltim Bakal Gunakan Kendaraan Listrik Tahun Depan? Ini Kata Dinas ESDM,8028,publish,Yes,Kabar Kalimantan,-
31 Oct 22 - 10:27,"Penyaluran Kredit di Kaltim, Begini Kondisinya",8028,publish,Yes,Kabar Kalimantan,-
06 Jan 23 - 07:14,DPRD Kaltim Bakal Dapat Dana Pensiun? Begini Kata Gubernur,8028,publish,Yes,Kabar Kalimantan,-
19 Jan 21 - 08:28,"Ekspor Kalimantan Utara Meningkat 14,63 Persen",8011,publish,Yes,Kabar Kalimantan,-
17 Jan 23 - 01:53,"Total Klaim BPJS Ketenagakerjaan Kalimantan Rp2,84 Triliun Sepanjang 2022",8009,publish,Yes,Bisnis Kalimantan,-
22 Sep 22 - 10:28,Tantangan Kaltim Penuhi Pangan Meski Jadi IKN,8008,publish,Yes,Kabar Kalimantan,-
10 Oct 22 - 05:38,Driver Ojol Minta Legislator Fasilitasi Soal Usulan Kenaikan Ongkos,7997,publish,Yes,Kabar Kalimantan,-
11 May 22 - 03:52,Pakan Ternak dari Kaltim Bakal Diekspor ke China,7974,publish,Yes,Bisnis Kalimantan,-
17 Jan 23 - 07:17,Kepesertaan BPJS Ketenagakerjaan di Kalimantan Dipacu,7966,publish,Yes,Kabar Kalimantan,-
29 Jan 23 - 02:26,Pemprov Kaltim Komitmen Lanjutkan Vaksinasi PMK pada Tahun Ini,7954,publish,Yes,Kabar Kalimantan,-
21 Dec 22 - 03:50,"Pacu Produktivitas, Disbun Kaltim Beri Bantuan Pupuk untuk Usaha Perkebunan Rakyat",7949,publish,Yes,Bisnis Kalimantan,-
01 Dec 22 - 08:19,Langkah OJK Kaltim Hadapi Gejolak 2023,7939,publish,Yes,Kabar Kalimantan,-
24 Jan 23 - 04:28,Pencegahan Karhutla di Kalbar Berkaitan dengan Terciptanya Desa Mandiri,7935,publish,Yes,Kabar Kalimantan,-
20 Dec 22 - 05:24,"Nilai Aset Investor Kalimantan Turun 7,62 Persen",7933,publish,Yes,Kabar Kalimantan,-
10 Nov 22 - 05:44,Upaya Kaltim Menggeser Dominasi Kontribusi Batu Bara,7931,publish,Yes,Kabar Kalimantan,-
23 Jan 23 - 04:56,Kaltim Menargetkan Serapan Anggaran Capai 90 Persen Tahun Ini,7931,publish,Yes,Kabar Kalimantan,-
01 Jan 23 - 12:53,PHRI: Hotel Balikpapan dan Sekitar IKN Full Saat Libur Nataru,7930,publish,Yes,Bisnis Kalimantan,-
31 Oct 22 - 04:48,"Basmi Penularan PMK, 3 Hewan Ternak di Kota Balikpapan Dipotong Paksa",7930,publish,Yes,Kabar Kalimantan,-
19 Sep 22 - 10:09,Surya Biru SBMA Kejar Peningkatan Produksi Lima Kali Lipat,7922,publish,Yes,Bisnis Kalimantan,-
28 Dec 22 - 02:08,"Konsumsi Masyarakat Kaltim Nyaris Naik Dua Kali Lipat, Pelaku UMKM Menggeliat",7920,publish,Yes,Bisnis Kalimantan,-
02 Dec 22 - 03:20,Inflasi Kaltim Tertahan Demand Transportasi November 2022,7912,publish,Yes,Bisnis Kalimantan,-
23 May 22 - 10:50,"Harga TBS Sulit Dikendalikan, Begini Penjelasan Disbun Kaltim",7906,publish,Yes,Kabar Kalimantan,-
10 Jan 23 - 05:03,Gubernur Kaltim Berjuang Soal Perdagangan Karbon hingga Akhir Masa Jabatan,7901,publish,Yes,Kabar Kalimantan,-
29 Dec 20 - 10:11,"Pasien Gejala Berat Meningkat, Ruang ICU Covid-19 Penuh di Balikpapan",7894,publish,Yes,Kabar Kalimantan,Editor's Choice
08 Jan 23 - 04:47,Catat! Pemkot Balikpapan Imbau Masyarakat Lengkapi Vaksin Booster,7891,publish,Yes,Kabar Kalimantan,-
26 Jan 23 - 01:41,Balikpapan Ancang-Ancang Serap Anggaran Sejak Awal Tahun,7891,publish,Yes,Kabar Kalimantan,-
08 Nov 22 - 01:32,"Resmi! Kaltim Terima US$20,9 Juta dari Bank Dunia Atas Penurunan Emisi Gas Rumah Kaca",7887,publish,Yes,Bisnis Kalimantan,-
26 Dec 22 - 04:50,KPPU Kanwil V Sebut Keputusan MA soal Persaingan tidak Sehat Maskapai Sudah Tepat,7883,publish,Yes,Bisnis Kalimantan,-
02 Nov 22 - 01:07,Nilai Ekspor Kaltim di Semua Sektor Kompak Turun,7877,publish,Yes,Bisnis Kalimantan,-
07 Sep 22 - 08:53,"Balikpapan Berstatus PPKM Level 1, Berlaku Hingga 3 Oktober 2022",7860,publish,Yes,Kabar Kalimantan,-
26 Jan 21 - 09:08,"Kasus Corona Masih Naik, PPKM Kalsel Kembali di Perpanjang",7859,publish,Yes,Kabar Kalimantan,-
22 Sep 22 - 04:18,"Bank Indonesia Soroti Risiko Inflasi Pangan di Kaltim, Ada Solusi?",7854,publish,Yes,Bisnis Kalimantan,-
28 Nov 22 - 12:38,"Kondisi Ketahanan Pangan Kaltim, Ini Penjelasan Wagub",7853,publish,Yes,Kabar Kalimantan,-
20 Sep 22 - 06:21,"Resmikan Perpustakaan Baru, Samarinda Pede Tingkatkan Literasi",7852,publish,Yes,Kabar Kalimantan,-
16 Jan 23 - 02:32,Pemprov Kaltim Diklaim Berhasil Kendalikan Banjir di Samarinda,7852,publish,Yes,Kabar Kalimantan,-
02 Mar 22 - 04:05,"1,67 Juta Liter Minyak Goreng Disiapkan untuk Masyarakat Kaltim",7836,publish,Yes,Bisnis Kalimantan,Headline
29 Dec 22 - 02:15,"Realisasi PAD Naik 58,78 Persen, Provinsi Kalsel Ungkit Rasio Kemandirian Daerah",7827,publish,Yes,Kabar Kalimantan,-
04 Dec 22 - 06:25,Ikan Layang Hingga Perhiasan Dorong Inflasi Balikpapan pada November 2022,7824,publish,Yes,Kabar Kalimantan,-
27 Dec 22 - 02:20,"Bank Indonesia: Ekonomi Kaltim Bisa Tumbuh 4,15 Persen saat Tutup Tahun 2022",7820,publish,Yes,Bisnis Kalimantan,-
22 Mar 22 - 06:14,Simak! Isi SE Terbaru Pemberlakuan Jam Operasional Angkutan Barang di Kota Balikpapan,7816,publish,Yes,Bisnis Kalimantan,-
21 Sep 22 - 09:30,Realisasi Anggaran Belanja Negara di Kalsel Turun Tipis dari Tahun Lalu,7809,publish,Yes,Kabar Kalimantan,-
18 Jan 23 - 05:15,"Optimisme Konsumen Kaltim Terhadap Kondisi Ekonomi Terkini, Begini Potretnya",7808,publish,Yes,Kabar Kalimantan,-
14 Nov 22 - 02:32,"Dua Tersangka Kasus Pajak Rp1,74 Miliar Diserahkan ke Kejari Balikpapan",7804,publish,Yes,Kabar Kalimantan,-
01 Nov 22 - 06:52,"Tak Ada Wisman, Okupansi Hotel Berbintang Kaltim 60,25 Persen Pada September 2022",7798,publish,Yes,Bisnis Kalimantan,-
22 Sep 22 - 03:52,KPPU Minta Pemprov Kaltara Berlaku Adil dalam Perdagangan Lintas Batas Negara,7795,publish,Yes,Bisnis Kalimantan,-
14 Jun 22 - 01:43,Wow! Ternyata Ini Masalah Utama Penyediaan Air Bersih di Kota Penyangga IKN,7787,publish,Yes,Bisnis Kalimantan,-
10 May 22 - 02:50,"PDRB Pulau Kalimantan Terkontraksi 2,1 Persen pada Kuartal I/2022",7785,publish,Yes,Kabar Kalimantan,-
04 Nov 22 - 02:53,Kaltim Andalkan Program Kelapa Sawit Berkelanjutan,7785,publish,Yes,Bisnis Kalimantan,-
23 Dec 20 - 04:43,Pertamina MOR VI Kalimantan Antisipasi Lonjakan Permintaan BBM dan LPG Jelang Nataru,7783,publish,Yes,Bisnis Kalimantan,-
19 Jun 22 - 03:03,Pemprov Kalteng Harap Program Shrimp Estate Jadi Proyek Strategis Nasional,7782,publish,Yes,Bisnis Kalimantan,-
19 Sep 22 - 12:24,Harga TBS Kaltim Naik 25 Persen Periode I September 2022,7775,publish,Yes,Bisnis Kalimantan,-
27 Dec 22 - 02:29,Duh! Kaltim Krisis Polisi Hutan,7774,publish,Yes,Kabar Kalimantan,-
02 Dec 22 - 03:02,"Ekspor Kaltim US$3,26 Miliar Oktober 2022, Naik 11,89 Persen YoY",7772,publish,Yes,Bisnis Kalimantan,-
09 Aug 21 - 04:25,"Viral di Balikpapan, Peternakan Kerbau Dijadikan Tempat Berjemur Hingga Berkemah",7752,publish,Yes,Kabar Kalimantan,-
11 May 22 - 07:22,Wisatawan Berkunjung ke Kaltim Naik 300 Persen Saat Lebaran,7749,publish,Yes,Bisnis Kalimantan,-
19 Sep 22 - 07:13,"Perkebunan Ditarget Sumbang PDRB 22,99 Persen pada 2023, Ini Upaya Disbun Kaltim",7749,publish,Yes,Bisnis Kalimantan,-
26 Dec 22 - 05:35,"Momen Nataru, Uang Tunai Rp2,85 Triliun Siap Beredar di Kaltim",7742,publish,Yes,Bisnis Kalimantan,-
01 May 23 - 09:54,"Anggaran Rp11,74 Miliar Dukung Sarana Pendidikan Tana Tidung pada 2023",7740,publish,Yes,Kabar Kalimantan,-
29 Aug 22 - 08:54,"Penataan Kota Balikpapan, Ini Saran Pengamat Tata Kota",7739,publish,Yes,Kabar Kalimantan,-
22 Feb 21 - 06:33,Pengusaha Kaltim Ekspor Rumput Laut ke Kota Kelahiran Jungkook BTS,7737,publish,Yes,Bisnis Kalimantan,-
30 Aug 21 - 06:59,Kota Balikpapan Gencar Lakukan Vaksinasi Sepekan Kedepan,7737,publish,Yes,Kabar Kalimantan,-
17 Nov 22 - 03:30,"Masyarakat Samarinda Dominasi Investor Saham di Kaltim, Ini Kata BEI",7736,publish,Yes,Kabar Kalimantan,-
04 Dec 22 - 02:53,Daging Sapi dan Ayam Tanpa Sertifikat Sanitasi Produk Hewan Ditahan Masuk Balikpapan,7733,publish,Yes,Bisnis Kalimantan,-
22 Sep 22 - 06:27,Wamendag Minta Kaltim Aktif Terlibat Perdagangan Internasional,7718,publish,Yes,Bisnis Kalimantan,-
11 May 22 - 07:07,Total Pergerakan Penumpang di Bandara SAMS Sepinggan 188.243 Orang Selama Lebaran,7714,publish,Yes,Bisnis Kalimantan,-
29 Nov 22 - 10:15,"Kendala BPJS Kelas III Gratis, Ini Langkah Balikpapan",7712,publish,Yes,Kabar Kalimantan,-
13 Jan 23 - 01:36,Kilang Pertamina Internasional Batalkan 55 Sertifikat yang Diklaim Pihak Lain,7690,publish,Yes,Kabar Kalimantan,-
27 Jan 21 - 07:12,"Terpapar Covid-19, Wakil Wali Kota Balikpapan Terpilih Meninggal",7688,publish,Yes,Kabar Kalimantan,-
14 Dec 20 - 05:52,BPD Kalteng Jadi Bank Pembangunan Daerah Terbaik BIA 2020,7682,publish,Yes,Bisnis Kalimantan,Headline
13 Nov 22 - 03:10,Pengembangan Tanaman Karet di Kota Balikpapan Diprioritaskan,7682,publish,Yes,Kabar Kalimantan,-
30 Dec 22 - 02:42,"Tumbuh 3 Digit, Produksi Alumina Dorong Industri Pengolahan Kalbar",7682,publish,Yes,Bisnis Kalimantan,-
29 Dec 22 - 02:33,"Program PEN di Kalsel Capai Rp1,83 Triliun, Disalurkan ke mana?",7681,publish,Yes,Bisnis Kalimantan,-
15 Jun 22 - 08:41,Pembiayaan Perbankan Syariah di Kaltim Dibayangi Tren Positif Sepanjang Kuartal I/2022,7673,publish,Yes,Bisnis Kalimantan,-
09 Jan 23 - 05:35,"Mayoritas Masyarakat Kalsel Jadi Konsumen, Ini Kata Bank Indonesia",7665,publish,Yes,Bisnis Kalimantan,-
22 Mar 22 - 07:23,"Pertamina Klaim Tidak Ada Kelangkaan Subsidi Solar di Kaltim, Total Kuota Capai 205 Ribu KL Tahun Ini",7656,publish,Yes,Bisnis Kalimantan,-
21 Sep 22 - 05:30,"Pajak Dalam Negeri di Kalsel Dominasi Pemasukan Negara, Setara Rp8,09 Triliun",7649,publish,Yes,Kabar Kalimantan,-
04 Jan 21 - 03:46,Transkon Jaya (TRJA) Ekspansi Bisnis Ke Morowali,7635,publish,Yes,Bisnis Kalimantan,-
13 Nov 22 - 04:45,Cara Kementerian Pertanian Menjaga Kebutuhan Pangan di IKN,7632,publish,Yes,Bisnis Kalimantan,-
19 Jun 22 - 03:33,Dislutkan Kalteng: Shrimp Estate Mendukung Ekonomi Biru,7629,publish,Yes,Bisnis Kalimantan,-
29 Dec 22 - 01:13,"Tumbuh Melambat, Kinerja Ekonomi Kalsel 5,59 Persen Kuartal III/2022",7626,publish,Yes,Bisnis Kalimantan,-
08 Nov 22 - 02:57,Gubernur Kaltim Percaya Diri Berhasil Turunkan Emisi Karbon,7623,publish,Yes,Kabar Kalimantan,-
27 Nov 22 - 03:18,"Profil Kabupaten Tana Tidung, Wilayah Paling Baru Provinsi Termuda di Kalimantan",7619,publish,Yes,Kabar Kalimantan,-
18 Jul 22 - 06:17,Harga Sawit Periode I Juli 2022 di Kaltim Turun 35 Persen,7618,publish,Yes,Bisnis Kalimantan,Headline
24 Aug 22 - 08:01,"Jelajah Agri Pupuk Kaltim 2022, Teknologi Terintegrasi di Bidang Industri Pupuk",7612,publish,Yes,Kabar Kalimantan,Headline
22 Nov 22 - 04:04,Pengusaha Pengolahan Kedelai Balikpapan Angkat Suara Soal Harga,7577,publish,Yes,Bisnis Kalimantan,-
03 May 23 - 05:53,Kunjungan Wisman ke Kaltim Maret 2023 Melonjak 7 Kali Lipat,7574,publish,Yes,Bisnis Kalimantan,-
25 Nov 22 - 09:02,Media Sosial Pemkab Tana Tidung Sabet Juara Kehumasan Tingkat Nasional,7572,publish,Yes,Kabar Kalimantan,-
15 Mar 22 - 11:04,"Harga Minyak Goreng di Pasar Tradisional Kota Balikpapan Melampaui HET, Ini Penjelasan KPPU",7563,publish,Yes,Kabar Kalimantan,-
09 Jan 23 - 05:17,Permintaan KPR di Kalsel Naik Tipis,7559,publish,Yes,Bisnis Kalimantan,-
02 May 23 - 02:58,"Okupansi Hotel Kaltim Kembali Turun, TPK Maret 2023 Sebesar 57,44 Persen",7550,publish,Yes,Bisnis Kalimantan,-
28 Dec 22 - 01:06,Resmi! Gubernur Kaltim Lantik Bupati Penajam Paser Utara Definitif,7550,publish,Yes,Kabar Kalimantan,-
02 May 23 - 02:12,"Inflasi Kaltim 0,42 Persen April 2023, Didorong 8 Kelompok Pengeluaran",7542,publish,Yes,Bisnis Kalimantan,-
26 May 22 - 08:31,Update Harga TBS Mei 2022 Kaltim Pekebun Bermitra,7541,publish,Yes,Kabar Kalimantan,-
08 Nov 22 - 08:13,"Harga Batu Bara Masih Panas, Perekonomian Kaltim Ngegas di Kuartal III/2022",7538,publish,Yes,Bisnis Kalimantan,-
04 Dec 22 - 02:32,Potret Persaingan Usaha di Pulau Kalimantan Sepanjang 2022,7536,publish,Yes,Bisnis Kalimantan,-
14 Dec 20 - 04:27,Pemprov Kaltim Target PAD 2021 Naik,7526,publish,Yes,Kabar Kalimantan,-
29 Nov 22 - 01:16,Okupansi Hotel dan Restoran di Balikpapan Terus Membaik Jelang Nataru,7519,publish,Yes,Bisnis Kalimantan,-
11 Jan 23 - 03:17,"Mulai Hari ini, Masyarakat Balikpapan Diimbau Lakukan Validasi NIK Pengganti NPWP",7516,publish,Yes,Kabar Kalimantan,-
09 Jan 23 - 06:08,Taktik Pemprov Kaltim Serap Efektivitas Anggaran 2023,7516,publish,Yes,Kabar Kalimantan,-
12 Aug 22 - 06:54,"Pemkot Balikpapan Kejar Target, Berikut Jadwal dan Lokasi Vaksinasi di Balikpapan 12 Agustus 2022",7508,publish,Yes,Kabar Kalimantan,-
15 Nov 22 - 11:07,Jumlah Investor Pasar Modal Kaltim Naik Puluhan Ribu,7505,publish,Yes,Kabar Kalimantan,-
08 Jun 22 - 12:14,"Honorer Bakal Dihapus, Begini Nasib Tenaga Lama di Kaltim",7495,publish,Yes,Kabar Kalimantan,-
09 May 22 - 01:47,Pengolahan Minyak Mentah Pertamina di Kilang Balikpapan Capai 240.000 BPH Saat Lebaran,7478,publish,Yes,Bisnis Kalimantan,-
18 Nov 22 - 09:53,CIMB Niaga (BNGA) Dukung Potensi Kredit Batu Bara Kaltim,7478,publish,Yes,Bisnis Kalimantan,-
15 Jun 22 - 09:36,"Garis Kemiskinan Kaltim Sebesar Rp703.223, Begini Kondisinya",7474,publish,Yes,Kabar Kalimantan,Headline
10 Nov 22 - 03:58,SKK Migas Siap Tambah Produksi dari 150 Sumur di Kaltim Tahun Depan,7473,publish,Yes,Bisnis Kalimantan,-
09 Jan 23 - 04:51,Kaltim Masuk Jajaran Teratas Provinsi Paling Digital Nasional,7462,publish,Yes,Kabar Kalimantan,-
24 Feb 22 - 04:23,"Awal 2022, Angkutan Kargo di Bandara APT Pranoto Samarinda Capai 479 Ton",7455,publish,Yes,Bisnis Kalimantan,-
24 Nov 22 - 05:00,Agen Pariwisata Balikpapan Diajak Kolaborasi Malaysia,7454,publish,Yes,Kabar Kalimantan,-
29 Dec 20 - 05:17,Bandara Juwata Tarakan Alami Peningkatan Aktivitas Hingga 50 Persen,7440,publish,Yes,Kabar Kalimantan,-
24 May 22 - 01:05,"Atasi Blankspot, Pemerintah Pacu Layanan 4G Hingga Akhir 2022 di Pulau Kalimantan",7437,publish,Yes,Bisnis Kalimantan,-
28 Nov 22 - 03:49,Serikat Buruh Kaltim: UMP 2023 Naik untuk Apa Kalau tidak Dijalankan?,7427,publish,Yes,Bisnis Kalimantan,-
01 Mar 22 - 03:28,TPK Kaltim: Hotel Bintang 3 Paling Banyak Dipakai Sepanjang Januari 2022,7420,publish,Yes,Bisnis Kalimantan,-
03 May 23 - 04:07,"Inflasi Kaltim Maret 2023 Turun, Bank Indonesia Ungkap Penyebabnya",7414,publish,Yes,Bisnis Kalimantan,-
03 May 23 - 01:59,"Ekspor Tahunan Kaltim Turun 6,43 Persen pada Maret 2023",7414,publish,Yes,Kabar Kalimantan,-
09 Nov 22 - 04:17,"Perusahaan Migas dan Batu Bara Bantu Tekan Emisi, Begini Kata Wagub Kaltim",7405,publish,Yes,Kabar Kalimantan,-
18 Nov 22 - 04:57,CIMB Niaga (BNGA) Beberkan Cara Penetrasi Digital di Kalimantan,7398,publish,Yes,Kabar Kalimantan,-
17 Jun 22 - 06:14,"Transaksi Uang Elektronik di Kaltim Tumbuh 43,47 Persen Kuartal I/2022",7393,publish,Yes,Bisnis Kalimantan,-
02 May 22 - 06:34,"Hari Pertama Lebaran, Warga di Samarinda Sulit Dapatkan Tabung Gas Melon",7385,publish,Yes,Kabar Kalimantan,Headline
04 Jan 23 - 12:48,Inflasi Kota Balikpapan Bakal Dipengaruhi Sejumlah Faktor Utama,7381,publish,Yes,Kabar Kalimantan,-
25 May 22 - 01:45,PT Multinet Perkasa Indonesia Resmi Gabung Channel Partner Motorola,7379,publish,Yes,Bisnis Kalimantan,-
16 Jun 22 - 10:15,UMKM di Kaltim Ditargetkan Berkontribusi Hingga Rp56 Triliun Tahun Ini,7376,publish,Yes,Bisnis Kalimantan,-
12 Sep 22 - 11:10,"Realisasi Investasi Kaltim Capai Rp12,1 Triliun di Kuartal II/2022",7373,publish,Yes,Bisnis Kalimantan,-
20 Dec 22 - 04:45,Investasi Penduduk Kalimantan di Bursa Efek Indonesia Tertinggi Tahun 2022,7371,publish,Yes,Bisnis Kalimantan,-
12 Jan 23 - 05:36,"Dana Pemilu 2024 di Samarinda Capai Rp6,8 Miliar",7358,publish,Yes,Kabar Kalimantan,-
13 Jan 23 - 01:07,Pemkot Balikpapan Buat Kelambu Air Cegah Peningkatan Kasus DBD,7356,publish,Yes,Kabar Kalimantan,-
29 Apr 22 - 10:52,"Transkon Jaya Catatkan Kenaikan Laba Komprehensif Hingga 23,54% Pada 2021",7356,publish,Yes,Bisnis Kalimantan,-
14 Sep 22 - 08:25,"Bea Cukai Balikpapan Catat Penerimaan Hingga Rp3,17 Triliun pada Juli 2022",7355,publish,Yes,Bisnis Kalimantan,-
05 Jan 23 - 12:46,"Kapasitas Fiskal di Kaltim Masih Tumbuh, Tapi Penuh Tantangan",7349,publish,Yes,Kabar Kalimantan,-
06 May 23 - 10:56,"Mengesankan, Ekonomi Kaltim Tumbuh Nyaris 7 Persen Kuartal I/2023",7346,publish,Yes,Bisnis Kalimantan,-
29 Nov 22 - 03:27,Kinerja Perhotelan Kaltim Jelang Tutup Tahun 2023,7343,publish,Yes,Bisnis Kalimantan,-
19 Sep 22 - 03:42,"Realisasi Pendapatan Daerah Kaltim Masih Kurang Rp2,5 Triliun",7341,publish,Yes,Bisnis Kalimantan,-
24 Nov 22 - 01:23,"KPPU Hentikan Perkara Perusahaan Sawit di Kalteng, Ini Pemicunya",7339,publish,Yes,Kabar Kalimantan,-
16 Sep 22 - 12:31,"Serapan Anggaran Kurang Cepat, Kaltim Perlu Strategi Baru",7333,publish,Yes,Kabar Kalimantan,-
14 Sep 22 - 09:38,Waspada! Penipuan Mengatasnamakan Pihak Bea Cukai Saat Bertransaksi Antar Negara,7332,publish,Yes,Bisnis Kalimantan,-
04 May 23 - 04:33,Surya Biru (SBMA) Fokus Kembangkan Bisnis di Kalimantan,7318,publish,Yes,Kabar Kalimantan,-
09 Nov 22 - 08:20,"Ekonomi Kaltim 2023, Ketahanan Pangan Dioptimalkan, Batu Bara Jadi Andalan",7306,publish,Yes,Kabar Kalimantan,-
24 May 22 - 10:11,Penting! Pemprov Kaltim Minta Petani Bermitra dengan Pabrik Kelapa Sawit,7305,publish,Yes,Bisnis Kalimantan,-
29 Jul 21 - 05:22,"Sektor Properti Dinilai Tahan Menghadapi Pandemi, Ini Alasannya",7303,publish,Yes,Bisnis Kalimantan,Headline
02 Jan 23 - 04:08,"Inflasi Kaltim Catat 0,23 Persen Desember 2022",7293,publish,Yes,Bisnis Kalimantan,-
